customer_id,name,phone,location,status
2ad88b2a-113e-47fe-92ae-c5f51d329860,Shannon Harris,001-864-413-2750x80750,East Sydneytown,InActive
31d0fe8c-1699-407e-958b-333d569d7373,Jason Moore,418.375.6567,Copelandmouth,Blacklisted
0af91e9b-296c-4363-b158-30afeedf9aa8,Daniel Garrison,001-300-762-8715x219,Janicemouth,Active
9645bdc1-da10-4b4a-9815-fc726caa06af,Megan Gonzalez,001-691-898-3237x359,Bellchester,Blacklisted
381facf2-6d18-4c2e-bd5f-e30317b0457b,Dr. Julie Murphy,9548087586,Dianamouth,InActive
aa0fec81-70d4-4773-809d-ba8edb9b8428,Anna Dixon,4333805032,Johnchester,Active
c93aa407-8edf-464f-894a-4e4b5d3d434f,Matthew Butler,(809)620-7863,Brianfort,InActive
f347f2b2-e4f0-4d5e-a71c-cb05f9e5d290,Billy Beck,001-283-302-3466x56625,Cristinaville,Active
0fa9db3c-bd61-4034-ae13-97253b3d6a47,Lisa Jacobs,871.543.6598,Holtburgh,Active
60a22a65-f349-49d7-af50-3197cfc28c62,Jeremy Davis,(724)644-6865,Burchstad,InActive
581f7c1d-410f-43d4-8049-a0ce00e3e75b,Cynthia Fernandez,+1-565-662-3790x217,East Brett,InActive
377da13e-9c7f-47e5-aa05-bf539e7e9c94,Danny Taylor,600-940-8499x01728,West Lisamouth,Active
63b1cfc7-421a-4018-b557-925c62fb0d94,Leslie Greer,(747)431-4608x106,Erikberg,Active
a4be0215-db19-4eab-8dde-fefe7342dd91,Victor Doyle,372-454-2055,Lopezfurt,InActive
0bc805cc-f281-476c-9bcd-1c597e012c9d,Eric Lee,(726)946-0438,South Moniqueview,Blacklisted
0a188401-830f-4282-8329-70ef7d750cea,Joseph Ford,001-638-209-3928,North Danielfurt,Blacklisted
24482d26-d2d5-4867-ab80-6a94bba978d0,Sherry Roberts,(590)310-6887x97988,Michaelport,InActive
637ab486-ecb8-4798-9fee-b5dd2dfa720e,Dawn King MD,790.873.3013,South Michaelland,InActive
15eb40fa-3c1e-429b-9baf-79f6706cb64b,Joseph Moody,+1-837-489-7924x234,Geraldmouth,Blacklisted
9e9060d7-c56d-4e42-aeea-6d0648366be9,Edward Garcia,339-502-2990x077,Stewartborough,Blacklisted
94dfd895-bd07-4c62-b9a4-dc9ef3509b97,Stephanie Kelly,218-539-3588,North Jennifer,Active
429cb6b5-3129-441f-b9c0-218ec8376c8b,Michael Marshall,(564)350-1121,New Thomas,InActive
774187e6-f44f-4ef7-8e5a-a3ebb90433a0,Tracy Cain,7344070598,Johnberg,Blacklisted
1e83e527-f2ba-41ab-80ef-49cfd8859ca1,Timothy Murray,731-803-6911x5629,West Conniebury,Active
69f1ef66-1d3d-4510-9bae-5d029d4e8c6a,Juan Hudson,+1-955-556-4721x870,West Samanthaport,Active
5765f04d-36e0-4b97-9a6f-c55bf52563dd,Ralph Chapman,599.624.6608,Port Stephanie,Active
242eb4ff-635d-4e05-aa3f-7492b45a36a2,Joseph Thomas,+1-903-246-6385x1208,Perezchester,InActive
fe80a051-7a76-472e-b885-26e603274add,Jordan Duncan,749-727-1902,East Rebeccaland,Blacklisted
4018cecb-344a-49dd-b275-596cf70c44f8,Nichole Hall,(498)725-5101x68226,Markside,InActive
9eacd66d-3375-4c60-8f58-b6d8fb9e56ad,Amy Brown MD,986-786-7219,Brianamouth,InActive
e3ec6be0-2321-4e81-9360-5cb437f03178,Cody Jordan,(398)210-2565x6668,Barbaraton,InActive
2d4a75b0-9ca9-4308-8b9c-4ba50cfb4d6d,Stacy Gilbert,889.718.1172,Kimberlymouth,Active
9ea2e510-0f80-4ee0-aa91-7fd350984fe3,Jennifer Zimmerman,855-930-9306,Duffybury,InActive
09bd3f94-6bf4-4d3e-a1f1-1c1bd6e70bd6,Christine Brown,+1-670-620-8233x951,Josephmouth,Active
2eb7a754-166e-4810-83ad-42f57d679521,Johnathan Lee,+1-865-798-2121x11785,Carolynborough,Blacklisted
f4be9a19-3d88-45ef-be22-2534917cffa4,Kimberly Larson,001-659-809-0069x3859,West Stevenfurt,Active
209f37cc-7f48-4704-95c0-7d989ed81c2c,Joy Carter,001-334-794-4880x4530,Lisabury,Active
3506fbc9-abd4-48a2-b6d7-a70e683a35a8,Alyssa Carpenter,001-660-260-2764x9608,Lake Ronnie,Blacklisted
77d7184a-827c-4493-854e-e06ec776a837,John Ward,001-519-701-3704,West Wesley,Blacklisted
ff6dceba-1795-4271-ac35-96219afeaaae,Stephanie Ferguson,(618)379-3179x136,West Michael,Blacklisted
d42b1a58-b153-4050-ba25-38b316f670a0,Mrs. Debra Reid,+1-750-295-9965x9362,West James,Blacklisted
dcb3e943-4e38-4578-b17f-4ebc1e1cf583,Justin Huynh,(421)359-2092,Brownstad,Active
7e0082c5-bdf2-493a-b89c-3ba4ecafb472,Mr. Gregory Walters,+1-251-802-7648x4742,Lake Rickytown,InActive
b893deb5-1762-4fa5-9df6-8a64488eb3b9,Sarah Wheeler,+1-524-273-5223x699,Elizabethville,InActive
8aca6cbd-e67b-47d8-a5af-47e881677932,Charlene Sanchez,001-337-852-8547x0767,Shirleyport,InActive
145c6bef-4ba4-4422-946b-1f131787d484,Adam David,207.882.4288x19390,East Davidtown,InActive
89dc9df5-39ed-4bc6-ad3b-11290b704df0,Carlos Wagner,802-766-2126,Burnsville,Blacklisted
494d10fa-ed0b-4b7e-9da1-ae13b306471c,Leah Weber,+1-543-994-3103x0482,New Stephanie,InActive
63d118a6-ed1f-417f-b96c-f86c11d6f9ca,Steven Dodson,+1-841-485-9357x980,South Travis,InActive
f52e782f-3d67-4cfd-9392-c289e44ec2e7,Amanda Martin,(455)603-4505,Lake Coryborough,Blacklisted
81668cb6-c452-4cca-b5d1-c13ab22a04c5,Jennifer Stone,582.951.3026x62031,New Ronaldburgh,Active
2f5141a0-5097-4f92-ba26-76282aa2c2a0,Dr. Jennifer Hernandez,(329)748-8707x1037,Port Marthabury,Blacklisted
bba3a083-2fad-4b6d-81c3-afa9f750bd75,Jennifer Lane,7846700901,North Laura,InActive
7d0ec1a1-79ca-4fff-a478-192bb127be9b,Kenneth Lowe,(259)799-1317x7016,New Courtneytown,Active
07c82694-85b2-4543-926e-5ff962e1bef2,Reginald Bright,(521)200-3933x3318,South Jilltown,Blacklisted
c9e77fae-f465-4e5a-8d78-8d44afad01d8,Gloria Fritz,814-245-9821,Kevinview,Active
51301d0b-a488-4782-b594-284b9e563029,Denise Hall,959-560-2262x9357,New Mariaside,Blacklisted
ffb7c3c7-705e-43b6-8a9a-0f743164ea94,Jesse Greer,406-933-6641x58892,East Timothyfort,InActive
a0e455f8-6e66-4585-9fcf-0945454cf03d,Chad Robertson,(786)660-2082,West Joshua,Blacklisted
9e734063-a509-4916-bdfd-8cb167ba12c4,Brandon Howard,(561)703-9081,West Alicia,Active
74cfcb70-acab-4055-a3b1-11c2177e218b,Randy Bradford,(745)810-3576x398,Charlotteland,Blacklisted
f6c03aae-a54e-4947-8d04-9ad820b63118,Angelica Chen,(893)616-0482x27901,New Jessicaland,Active
8e73cd94-5354-44c0-83ec-bffd2bd9ff94,Rachel Gould,2137781244,North Karen,InActive
18885f39-681b-4fcc-bd2c-8322167f407b,Susan Wolf,418.894.8692x985,Jonathanfort,InActive
bd773c36-70a3-45e3-8126-17a3f4af6e49,Andrew Parker,716-654-3204,South Carly,Blacklisted
b24d2933-0168-4bd7-8c31-8bed81412e22,Derek Smith,808-382-7949x2877,Leonview,InActive
8682fd1b-04ed-48c1-ba1f-fd51280c00c2,Jasmine Fischer,212.481.3828x5086,Port Jon,Active
378cfe40-f88d-4732-8891-99826a6e7d90,Danielle Stanley,551-909-8879x96168,Juanville,Blacklisted
84d834bf-78b2-48c6-8ce1-72dad62381c3,Thomas Gilmore,(531)409-4446x522,Barrettton,InActive
0d0437f0-fd19-47bc-9812-e9cfb6bb927b,Travis Davis,(662)279-9663x55727,Heatherview,InActive
25d9bfc2-1244-4a6e-8354-41dde0a7353c,Edward Cooper,672-529-3291x8870,West Morgan,Active
3918bac0-82e3-4502-abb6-fbccd775ac3f,Andrew Crane,(521)656-2711,Lanebury,Active
88ba6fb8-1485-4949-ac8e-95c7056d542a,John Gregory,+1-905-236-2763,West Bonnie,InActive
5e50afd5-a51d-49bb-a111-18a380560e4a,Sheri Gonzales,001-758-376-3186,South Brandonview,Active
5c6c99cf-ec24-48eb-9d9a-6309e06f392c,Danny Arroyo,700-608-8140x29932,North Cody,InActive
a992d9da-6887-4d14-9c2a-43cec6d8930f,Robert Watson,770-731-4263x5589,Williamfort,InActive
39bd6f99-3721-433e-b099-38cb2e770920,Kevin Vazquez,001-955-253-4383x10208,North Elizabeth,InActive
929db56e-0c0d-4b8c-9cfe-3f6721e91ca1,Brittany Jimenez,(865)678-7939x27381,West Samuel,Active
862c7f0f-b3b3-42d6-a2e7-10ec4aa9958a,Ashley Turner,807.905.9599,Alyssafurt,Blacklisted
9d486d8c-b502-42ad-be3c-fa3ff85c4567,Timothy Schaefer,452.278.7548,East Brentstad,Blacklisted
c5a894bb-f6c2-4be7-b164-bc3e150bbee5,Benjamin Carroll,315-483-2325,Huffmanstad,Blacklisted
de48ee37-a9b1-47b9-9a08-25fe352404b4,Katherine Johnson,766-718-6678x68094,New Kenneth,Active
35880961-7929-4e48-8069-6a0942411d74,Michael Miller DVM,+1-849-570-7122x200,Dennisville,InActive
3e3c07dd-3e6a-4326-b343-a0446d42ade7,Kristen Schmidt,703-645-6761,South Hollyfurt,Active
69d47002-9d61-4995-8379-db29f066f31d,Daniel Davis,473-311-2937,Perezchester,Blacklisted
b0cd2e9d-2e43-48d7-a2f9-ae3019fed0ca,Francis Ross,(556)628-5543x14426,South Kimberly,Active
e213125d-cda8-4c84-9340-684ca0fe1588,Christina Acosta,211.616.4938x6839,Port Jenniferbury,Active
84f8f17a-ca15-4a52-8be8-206d0b67ead0,Mr. Scott Carey,503.283.8839,New Justin,Blacklisted
8fff3bf3-a6c8-4bda-b29c-683b8fc28af0,Maureen Singh,944.480.4459,Lake Kurt,InActive
bd3fe9c8-89d3-4cfc-8ae1-7f23c378fd60,Kimberly Pham,(775)707-6652x7256,Stephaniechester,InActive
a2aac06b-f08f-4ba5-910c-bb006e51c0ae,Ronald Ramirez,(491)903-3621,Briannatown,Blacklisted
485c5e2b-7e45-405e-bca2-e4f5d342b9ca,James Sharp,+1-620-456-7504x123,Turnerfurt,Active
7734c37d-d8a0-45f9-9638-09d01cbc09f5,Joshua Shaw,+1-878-260-5510,Ryanfurt,InActive
78952324-3ec5-4996-bfbf-c86f96bade39,David Brown MD,919-794-9305x3770,Lake Lisaburgh,Blacklisted
1503eea6-b764-4491-b909-67666b0a2187,Justin Martinez,001-449-815-9006x87334,Elizabethside,Active
befa7aad-ef5c-4c07-86cb-0d2e42a8c155,Angela Boyd,264.279.5153,Port Jeffrey,Active
86b87a8e-0147-45f3-8f99-9411f7be8eb6,William Wood,(856)872-9864x53264,Port Kellyville,Blacklisted
e032d99d-35be-4663-a3bc-b531b48ded94,Jorge Andrade,(344)270-5064,Robertsonview,InActive
18a993d6-77f1-49ca-9986-d6b309bfa4e8,Mark Armstrong,624-223-3268,Hammondstad,InActive
51a77576-2840-4093-82d1-c0d8f884df01,Mr. Anthony Hoffman,819.989.3335x84119,Tammyton,Active
275d0afd-2c36-4120-990f-df1834648d4c,Taylor Mccullough,001-993-605-1041,Noahview,Active
e49224be-d0ac-4bed-baf4-490d331f99f6,Miguel Rodriguez,001-992-211-6514x15326,Ramseyfort,Blacklisted
0fab9a57-c6e7-4748-8883-522726d467ed,Mary Taylor,(458)396-0347,Derrickburgh,Active
5194b3fc-2586-44ca-aa2b-99c63c002183,Reginald Gray,347-662-6323x97071,North Alexafort,Active
db51ad1a-c902-4eed-8ab9-a956fd5fe63d,Lisa Clarke,(761)227-8612,Lake Crystal,InActive
75a672f6-6213-4be9-82da-50ee3364c2bf,Megan Ayers,+1-573-715-5063,Port Seanville,Active
7aeb22a3-5f04-4614-92ef-000a22191a76,Jacob Taylor,3665861530,Lake Amyborough,Blacklisted
f2c92462-3b97-4a7f-a03a-e8a9b9e5678f,Nicholas Arellano,9113544585,East Francisco,Blacklisted
c21ad43f-662a-43f7-a9c1-616c5362a4e0,Brent Petty,704-826-0368,North Ryan,Active
4fe0265f-bb4b-43da-9368-2113a494ee3e,Jason Gonzalez,+1-415-229-0397x974,Lake Erin,InActive
a3ef8eaa-f485-4157-ac4c-f2a33f035f2c,Kelly Brown,(849)863-1976x348,North Derekstad,Active
f5cbafc7-367a-4d7f-9965-be8d3764846b,Todd Hernandez,(352)494-3195x2489,Harmonville,Blacklisted
98e96816-83b5-4124-9d6d-9a8b693f93ee,Crystal Jones,602.972.0510,Garciaburgh,Blacklisted
3c68f76c-58b4-4f10-976b-e2e1e48d651e,Reginald Pham,(618)242-2980x06570,Vickieland,Active
ce716e3f-fb5c-4091-91f4-d87c93e8ff59,Hannah Jimenez,612.544.0506x9308,West Robert,Active
f9c23b4d-00bf-42b9-b4b4-555d2feed46f,Jeffrey Mills,(953)571-3060,Jennifermouth,Active
c039820a-170f-4858-83b2-e55f63f2d53b,Robert Jones,4599407252,Jordanport,InActive
79d73735-4b5f-4aa7-b449-b2693d63d7cd,Juan Brown PhD,(331)549-2039x768,Lake Sarah,InActive
9e410c8d-dd2a-485b-a613-7e3ed816940d,Cory Ochoa,254.404.1071x0867,South Stevenberg,Active
785851f6-9259-4824-b9d5-49043c3ee4eb,Desiree Cuevas,610-536-6129,Rodriguezstad,Blacklisted
7a2f52b5-fa0d-4c61-b582-c47d2079349e,Anna Nelson,+1-644-735-9512x632,West Brettshire,Active
3883963a-e145-4e7c-b28b-8cdcaa7a9dbe,Anthony Hill,595-536-3352x43134,Roberttown,Blacklisted
a373708d-f39c-4891-82cd-85a4d5e48531,Alyssa Watson,+1-825-201-6131x2798,East Ashleyside,Active
b64cf170-cf78-4b56-af50-f6f81769fa35,Holly Irwin,2799062756,West Troy,Active
aeacbe07-b0ee-434b-9fd5-7bdeb85472e7,Robert Moody,001-247-858-0740x920,Keithport,Active
1837f55b-a946-4eb9-aab7-d138591d56cc,Cynthia Jackson,(221)782-0158x5737,Shannonfurt,Active
ca6c3e17-d840-4be9-9f62-617c21b124a8,Kathryn Berg,+1-497-425-6794x52021,Mollyberg,Active
945a8010-1992-484c-b5c0-7e0629e45b7a,Kristen Cervantes,(544)701-3940,Ryanstad,Blacklisted
7d12d9f7-dccc-4ed9-b213-3ab5ed83f27b,Dr. Adam Anderson,(395)490-5555,Campbellton,Blacklisted
88a7d205-706c-4e24-9910-e337461ae031,Bradley Weeks,(918)461-0244,Wilsonland,InActive
f7adfe0d-9064-496b-8f40-fe4b0c049699,Richard Coffey,220-223-5826x24722,Bradport,Active
ec381f27-29a5-43ac-aa58-022d0c80369d,Jose Nash,001-478-321-9030x969,Lake Tyler,Active
154eb91b-e540-4c0b-b117-0e5faaa093da,Samantha Alvarez,(966)485-6564x594,Scottshire,Blacklisted
19d0691d-f0a6-4936-b20b-4a42f1510b95,Patrick Chambers,(509)658-8295,Josephberg,Blacklisted
1ecf5017-1cc7-40c5-850d-bede89c18f2e,Steven Collins,+1-803-253-7410x67189,Maryburgh,Blacklisted
35d89ffb-c974-47e5-8845-ad268abf5826,Zachary Martinez,314-757-5127x58179,Lake Melissaland,InActive
b4e5df85-b79f-4366-841b-1469ccb03d72,Mr. Jay Terry,905.683.0851x4549,Emilyville,Blacklisted
6e174f0c-7332-4d86-81a9-dd80e6008c3e,Courtney Reyes,391.957.5985x09011,Ericfurt,Active
b8860310-c7b8-41db-93e3-1579cf8c4712,Eric Howe DDS,001-306-429-6832x30898,Matthewshire,Blacklisted
a69332bf-26be-4a91-a5b1-c70404d1b78e,Sally Simmons,001-356-435-5475x9207,East Johnland,InActive
45e0fe3a-0f3c-449e-8f79-4208da00dabb,Miguel Payne MD,001-311-536-6544x29272,Frazierborough,InActive
776699c2-faaf-4dde-ae26-92dd96d7a789,Suzanne Davis,001-673-896-0962,Whitakermouth,Blacklisted
4cdcaf61-7393-4fd1-8bd0-15754b7d548d,Lauren Williams,(682)578-5971,West Carmenshire,Active
c9b8883b-3101-4cca-8bea-5048e8343ddd,Paul Hoover,001-501-874-3592,New Sharontown,Active
c187edaf-151a-44e9-aaf3-efbe1da9a8b5,Jason Cardenas,407-765-9784,Port Juliabury,InActive
9c80c69d-0373-427f-af55-9047e967936a,Barbara Alvarez,+1-435-609-2897x24206,South Colleen,Active
e7793532-364c-4b91-aee1-63fed55502a7,Vincent Sanchez,713-307-3967x27814,East Holly,Active
960bb893-7930-4abc-8fed-d0131343ca1a,Leah Guzman,(224)763-4132,South Tonya,Blacklisted
19a5fbbd-e777-454e-ac11-37626326b0f0,Cassandra Bell,566-218-9328x89329,Michaelburgh,Blacklisted
a11215cb-ec7c-4fe0-ba58-4a2f217c1268,Jill Simmons,324.873.0150x151,Port Monicaton,Blacklisted
8efaf570-8035-48a0-aaac-744cc5e2bc9b,Amanda Rivera MD,833-618-8855x4182,East Matthew,InActive
a2cce41f-6d41-4fac-9494-d5fcbf3a8583,Miranda Mitchell,751.485.7347,West Tonya,Blacklisted
bab77b16-bba7-4d87-896f-968ae7585bf1,Michelle Gomez,467-768-3891,Port Stephanie,InActive
30921e1b-075d-46ed-971e-b8f255756c5c,Amy Lewis,(816)261-8869,Lorimouth,Active
e5e4eb3d-dd03-44d3-a615-c0ee12392762,Danielle Woods,583-490-8066,Haasshire,Active
5accfcf3-e2c6-48d2-8c8a-8393f175ef6a,Christopher White,(708)619-8912,South Brandifort,InActive
db0b221d-7d23-434e-955d-52144cc4b6bd,Michele Carey,310.430.9233x63631,Aprilton,InActive
7f2c846e-6b1b-4249-a7db-2fe161dcf3ef,Shelby Smith,382-224-2298,New Carolyn,Active
a439e226-54d5-486a-b953-608760ffd113,Nicholas Lucas,763.471.6241,Port Evanport,InActive
fbcc7591-b2d9-4a82-8078-3c9836bad404,Jeremy Lopez MD,731-996-9478,New Elizabeth,Active
97a56eae-0c58-4181-9752-f46d65b79b52,Anthony Kirk,977-831-1342,North Jennifer,InActive
22ec7203-c864-4c24-a998-85743a591115,Gregory Nguyen,453-325-4617,East Michellefort,Active
4ce21dbd-3e7b-4316-aa75-afd26693012f,Heidi Frank,+1-461-426-6081x036,East Alexandra,InActive
307c20f3-b2c8-43b7-a69a-7eb518c89a4f,Jennifer May,(664)704-7297x6528,West Jeffrey,InActive
5099ab0a-639a-4b16-a14f-589bafb7ff9c,Amanda Ramos,855-372-1759,New Madisonburgh,Active
23a42cb8-75a1-4595-9c24-f9c3f721ce71,Richard Carpenter,410.271.9797x11354,Ashleytown,Active
b1c91447-0d4f-4222-99ea-3ed33a8a54a8,Brandon Rose,866-323-9847,Port Johnport,Blacklisted
05974ad4-7976-4b02-8bf5-282b7982ae03,Daniel Turner,+1-785-422-1870x1552,North Elizabethstad,Active
7ab36426-8e47-4c04-a164-15d978ce8ba3,Heidi Hicks,566-238-6357x738,West Anitaberg,Active
ac49844a-9e2e-444d-add2-3cf260c9ce31,Melissa Young,(647)344-4525x129,Lake Paulburgh,Active
3664aadf-a44d-45b0-9a04-917da7846e0d,Julia Martinez,844.447.8418x51277,Port Cheyenne,Blacklisted
ab3259da-ebe5-46b3-99bd-8b75e960f296,Kevin Hernandez,+1-399-855-4863x27887,East Brianland,InActive
6dbdeec0-e254-43a6-a36d-f1ce06fbf288,Erin Bell,573-226-3760x412,Scottville,Blacklisted
9ec18ccf-bd52-446a-b9ea-1992a734ac0e,Peter Castillo,(771)384-5978x67562,Lake Diane,Active
f068ee3d-7dcc-4a26-9c55-eced88cc7955,Susan Brown,001-358-473-3186x56070,Chelseaville,Active
01e21aec-f14b-4290-b2c5-365415aa917f,Paul Johnson,(619)226-8584x07891,Port Patriciaton,InActive
2db92d25-4a9b-4e2f-ac99-52a522d9d336,Chloe Lindsey,539.635.6093x23085,Crossland,Active
d5266281-8ad1-4bc2-bf76-afba4348010c,Nathan Contreras,(605)804-2996x79596,Edwardmouth,Active
8731bac4-0103-4422-ac5d-4886c95e8140,Monica Gilbert,001-743-961-3128x33321,Palmerburgh,Active
f2add65c-5f8e-422b-800b-b794875ca7a4,Samuel Maddox,495-356-2786x0046,Chandlerland,Active
8b1d2360-0d7f-46c8-ac0d-341578697ea5,Michael Garcia,(208)525-7254,Orrstad,Active
534ceffe-9855-4f24-ac69-772e8880b835,Robert Stewart,663-462-6939x18243,Cooperstad,InActive
01709227-2d44-4801-991d-93f9e253838d,Sarah Aguilar,(638)344-6371x517,Jamesbury,Active
2d8099d2-f41a-4b63-b035-7f6f08491041,Jamie Atkins,746-284-3070x673,West Lauraville,Active
946ace07-9cd3-4bea-bfaa-665f302be415,Justin Solis,946.914.6184x02583,Philipfort,Active
10828628-4a88-483d-9054-fb52a44d0853,Amanda Rodriguez,+1-625-356-3697x698,Port James,Active
67f88537-987a-4882-82fa-269e6b218863,Thomas Montoya,2983705954,North Amandamouth,InActive
0d887689-e3ad-4a31-a6a0-86c71321524d,Craig Bryant,942.804.7920x035,East Patrickberg,InActive
8b9c270c-9586-41b8-b551-bc268ac59ac3,Rodney Jenkins,001-537-876-4492x38146,Garciashire,Blacklisted
0e4d5373-57f3-4f11-b5af-197520d2b9f9,Erin Robles,+1-746-709-8449,Hughesland,Blacklisted
34b16a74-b94d-4770-bec1-731ebba7685b,Charles Miller,(240)565-3571,Lake April,Active
939015ef-7a06-452d-bbae-ad7c7584c9ca,Jason Gregory,001-531-732-9581,East Jonathanmouth,Active
cf3df3f2-30ed-4361-9f94-d1141ee3d913,Jerry Sims,372-246-7919x48337,West Erinfort,Blacklisted
f77c9bed-1615-4ba4-bc27-d01e1c5da8d1,Katherine Bailey,+1-396-619-3278x10303,Pittmanville,Blacklisted
81caf880-8bf0-45f8-8b72-f69b6133ace7,Gerald Thomas,+1-734-877-6227x56592,Deannashire,InActive
42898570-b3dc-4c65-afb4-937b84b384fa,Arthur Smith,(740)230-5550x8849,West Clifford,InActive
ca59296d-4463-48bc-9264-2c766c936740,Chris Brady,954.764.1794x461,Sullivanfort,InActive
e246ef31-a905-4974-bbb5-bfe50869fa58,Joshua Alexander,+1-937-976-9608,Port Brian,Blacklisted
dd2a5a43-e290-4a18-b2e4-7f537e5f7b9d,Debbie Rivera,284.832.6182,West Kathleen,Blacklisted
a074654a-2cc1-431e-81e9-ba31fb6b9841,Eddie Parker,+1-572-398-9470x680,Liutown,Blacklisted
e7bb3373-e642-4f3a-856a-19c24a7b73c4,Allison Watkins,001-674-789-3758,South Jessicaland,Active
328eaa5b-8c59-4372-b4ae-4606ed28b143,Robert Richards,(999)762-9563x08046,South Allen,Blacklisted
fea10b26-f4f3-4d51-8aa7-87d8984bcb14,Courtney Cooley,447-405-5749x3394,Lake Jenniferstad,Blacklisted
f2587e3a-e38f-461c-b6b2-b67873658038,Chelsea Duncan,722-309-6763,North Bethbury,Blacklisted
800c8c0c-bda5-4109-88f4-b22c2e48ac13,Christina Cruz,608-287-5972,Lake Kari,Blacklisted
582c1c8c-d854-422f-bf11-6272d73a524d,Timothy Harris,853.894.8972x883,Monicaton,InActive
51480e5b-e34f-4fa5-9609-157cea9a9e16,Steven Kemp,(549)221-2060,Elizabethton,Blacklisted
563b01b9-2dcb-4838-b610-c3984c0c3968,Michelle Marshall,+1-994-857-0295x460,East Michellemouth,Active
e304bc94-32f7-4680-bea4-271eda05e3ef,Danny Montgomery,+1-940-354-0497x184,Port Austinside,Blacklisted
54a4cdce-7565-408c-bf1b-83171e789ad3,Nina Daugherty,(968)995-8657x2818,Boydland,InActive
0b97406e-da19-4d56-89b2-6db64718e5a4,Kyle Ramirez,(817)479-6893,Port Dennisport,Blacklisted
f97d3155-28c7-49be-b646-e82dca0a1208,Michael Good,483.746.7060x011,Robertstad,InActive
168e34f8-74dd-4687-99eb-a8b928db06fa,Rhonda Ortega,001-923-804-8015x6793,Stewartchester,Blacklisted
3a6e9bc7-9489-4489-b4b8-c1af03688b52,Lisa Ford,001-677-627-0290,Deannaside,Blacklisted
ecc5207e-928e-49c3-8dca-02a6bcab5422,Jasmine White,(642)855-3099x08261,Martinton,Blacklisted
93ef591e-af4f-44b5-bf90-7c3067964f91,Rebecca Miles,001-791-569-9566x5950,Parsonsland,Active
d7803362-e3f9-4233-a3bb-bc2b9e2bb3b9,Elizabeth Lin,001-965-883-8361x0012,Port Brandon,Blacklisted
2c66e7e5-b283-4a4e-a3e5-02e5f5e7b9bc,Randy Martin,337.788.5898,Harryborough,InActive
a8657d77-7b0f-4a1b-8f07-d2cef0e45907,Megan Sparks,001-935-349-6071x167,South Jenny,Blacklisted
e20447f6-dd15-4374-8d7f-5f0c160d88d1,Grant Reid,258.743.3529x657,South Damon,Blacklisted
1ff0e3d9-9d01-4e82-bfd5-1d3dab6cd023,Cindy Keller,862-749-7629x97097,Steeletown,InActive
34af5c7d-031f-4e18-9870-37012d288029,Eric Barry,(340)213-5341,East Amanda,Active
9effec76-5009-4d58-9fe1-755a5743195c,Anthony Hill,519-696-8150,North Jennifer,Active
ff52b73e-74b4-48f6-941b-40d324016105,John Rodriguez,+1-241-961-2475x635,New Natashamouth,Blacklisted
eee175e7-f0be-47db-b9f3-e910989f6f36,Terry Larsen,391-499-8785x915,South Cynthiaview,InActive
66760573-64a6-4318-b08a-8eceb99a2289,Anthony Greene,629-966-5930,South Robert,Blacklisted
1fe6ed7b-3773-411b-a765-1bbd615772c6,Nicholas Morris,298-414-1938,South Kathy,InActive
7d9786d1-c28e-4108-9648-794f16597d7b,Duane Walsh,297-270-8585x59708,Rogerport,Blacklisted
ddfe19af-ef5d-4b13-8c04-460e140782f7,Kayla Lee,501-803-2939,North Michellechester,Blacklisted
880c5146-58fd-4e33-a00c-f7564f2497ed,Patricia Newman,(289)338-3114x8848,New April,InActive
e2a2cd53-2664-439c-83e6-c140f06225c4,Dale Lawrence,5815266338,South Donaldfort,Blacklisted
8fc06916-4990-4ae5-b7fc-746b7d1cc363,Paul Reed,622-311-9552x47655,Hayestown,Active
6c259528-f3fb-4c84-b1d8-6cffc7f9b821,Jerry Lee,001-370-981-1015x8436,Davistown,Blacklisted
ece208be-d080-4da6-b89e-53d9fc3fe320,Ricky Smith,001-785-715-8261,Port Andre,InActive
316813c7-afe4-44b6-88a1-250c886687f4,Bailey Hernandez,+1-981-457-6459x412,North Aaron,Active
0ecd05fe-c522-4147-a209-dac21f7e9499,Jeremy Moon,001-386-906-0200x5474,Scottland,Active
f5bb1f42-95b3-4ada-b29e-a66b0c4d7bde,Kimberly Webster,472-534-8917x660,Christopherberg,Active
8b9cedcf-7f90-45e5-b11d-9e6f09c1bc00,Jeffrey Jenkins,810.279.7781x21057,New Waynefurt,InActive
26cbde68-2f1f-4d29-ad78-f238dedb03d6,Evan Kirk,351.915.8328,New Cindyfort,InActive
83b3f755-5aea-422e-a71d-6633a736eb54,Edward Shaw,001-308-577-1182x070,Adamsborough,InActive
ed0ce46c-ee7e-45f8-8e0b-c529a19df279,Bethany Hamilton,+1-997-282-6451x36916,New Cathymouth,InActive
9ada3d51-e0fe-49ca-8530-89322a7f4bf3,Andre Padilla,9325730524,Michaeltown,Blacklisted
fa6b257e-cc6d-4342-af04-4aee9207d09d,Sean Hicks,+1-733-732-3313x7162,Kingchester,InActive
f342c75b-06f1-4ee1-b880-11fa86396bf7,Rebecca Martinez,299-399-8867x3763,Daviestown,Blacklisted
950cf281-163e-4b95-a401-7483249f6bd7,Susan Warren,556-680-8427,Danielland,InActive
10d38e73-4f6f-426c-93ab-eb4c814e9710,Brittany Clark,739.533.6161x9616,Robinstad,Blacklisted
e21b0774-b745-45dd-9785-0f4cb7054d45,Ronald Jensen,919-500-0511x27762,Port Gloria,InActive
16e6c82b-3548-4f14-afe3-34898cc600ac,Shannon Woods,+1-914-944-9044,Abigailtown,InActive
517d5e5c-2159-4945-89ae-fa7b01db82c9,Jason Young,+1-419-792-2174,South Debbiechester,Active
648be429-35b8-45d3-b1a2-eaa444eff1ba,Michael Crawford,+1-357-961-2958x109,Ramirezport,Blacklisted
37eac8fd-c64b-4304-b08f-b1ad88a2c0f3,Ann Vasquez,+1-632-423-4075,New Patricia,Active
fca2af87-c14c-494f-9552-c9a6ae2f8cb3,Loretta Hawkins,+1-493-923-3484x3483,New Brooke,Blacklisted
7abe31b9-4c8e-4c90-aff3-5e2e27c4675e,Patty Smith,498.999.1212x30697,West Kaylahaven,Blacklisted
091f337d-a826-4552-9cf4-eba28bc1d493,Jacob Kane,(563)433-7898,North Adrienne,Blacklisted
5067bf8e-d8e5-4691-8ff9-9bde475205e4,Anne Wade,4929981754,Leehaven,Blacklisted
7fa7e59a-e27c-4952-b970-7a1e46f0d350,Pamela Norman,2973727935,Kellyfort,Blacklisted
8eddfcd6-256d-4406-9d32-e16397817e22,Kelly Burton,001-526-466-8762x58903,Fieldsmouth,Blacklisted
9c21d47c-f969-4e23-a18f-104b0e53c817,Richard Clark,(386)472-8355,Estesstad,Active
c407a7d2-0443-49b0-8386-3dacd7728a3b,Shirley Williams,631-339-0296x20390,New Nicolefort,Active
14d19ae6-1cab-43c7-84eb-e7f48128c606,Yolanda Torres,001-461-557-8264x22071,North Cassandra,Blacklisted
6a03d3fa-ab51-49f7-84c8-def4a7faeb89,Victor Wilson,+1-926-530-5288,New Michaelport,Active
106eaaba-1ecd-43a6-ae57-d434e4c2c839,Michelle Duran,201.913.7632,East Kevin,Blacklisted
91f411c0-bbdc-4f9e-8eaa-3b4c9338e62e,Carrie Williams,725.943.5783x21704,Christophershire,Blacklisted
66e15474-ea7c-4875-9106-ef9ceca5a89a,Rebecca Roberts,429-936-8155x17365,Kathleenville,InActive
9b4486ff-dabf-45bd-98e6-071319b57bfc,Megan Griffin,+1-956-593-1397x1846,New Laura,InActive
1619afa3-85a4-46fc-87cd-f46bb6a5f50c,Amy Holmes,222-546-4295,Christinahaven,Blacklisted
2019e030-cac2-4577-9a45-194fc9c11d20,Rachel Jackson,+1-320-817-5950x882,East Denise,Active
7c472958-3afa-48cb-831e-7242bb9b40dd,Chad Whitehead,001-895-907-1302x2914,South Michaelfurt,Blacklisted
8fb5ef9a-0945-4b2f-bba5-8a82bbe6f424,Christian Pacheco,5807220850,Lake Cheryl,Active
cb82b788-aff5-4c30-8f4a-6ad069e7e78b,Steve Campbell,+1-638-637-4910,Reynoldsmouth,Blacklisted
f960c46d-e7fc-462a-b1e2-cf235ffb8795,Joseph Stone,+1-704-297-1482,New Donald,Blacklisted
67e6908a-bccb-4d3a-bf7f-4684556e1af0,Debbie Allen,8382482207,New Lindsay,InActive
392748df-0efc-49c1-a662-1aacd6e35eec,Lauren Reynolds,(641)485-4977x4499,South David,InActive
eb2e3a3f-af4e-476e-83e0-09f62c30a15f,April Hensley,256-720-9328,Snyderside,Blacklisted
2f166832-4955-45c2-abec-67f735bd05bb,Gregory Larsen MD,(554)253-9728,West Michaelland,Active
bf37a2fb-5400-4c5b-9c7f-2fd8f72c63ba,David Escobar,877-298-8293x2998,West Sarahaven,Blacklisted
1d75c9aa-1ad5-4fa3-b40d-04beb28325ac,David Williams,866.340.3003,Watsonton,InActive
986c8cb1-0d77-4213-adbf-2bc0c7e0c589,Aaron Hayes,835.899.3332,Chenborough,Blacklisted
6f18ce9b-442f-4df9-852f-97e4122885d0,Elizabeth Case,7475247663,Port Karenbury,InActive
9805ad7d-abc7-4bc5-97cd-8bce649ac754,Richard Barnes,(566)970-6720,Lake Jessicabury,Active
435f14ce-4b00-4220-b8fb-b029e8b67fed,Mr. Scott Foster DVM,+1-368-560-4588x41752,Brandonville,Active
b5c67a28-97fc-4346-9f88-1088b4d1eb5f,Richard Brown,6429614509,Rayborough,Active
0ad1e08e-a9ad-4197-9bb3-5bfbb01f56e1,Robert White,001-462-920-4301x165,New Adrianbury,Blacklisted
f7b32624-7981-474c-8859-d66b73630118,Angela Dixon DDS,206.615.1538x40474,Josephport,InActive
8c2debd9-8af5-4d66-8bb8-17cd24b2427e,George Davis,(814)900-3948,East Peggy,Blacklisted
44349c32-feb2-4527-92b8-dd8b5793eb7e,Betty Williams,5899136885,Dylanview,Active
9ba3f4fb-1393-4af3-81c9-475342832f57,Alexander Chen,387.833.8462x594,West Katherine,Active
d67dd9f7-b2f2-477a-846b-346e149d028a,Omar Gordon,(667)582-8506,West Tyler,Active
082cacc3-5ff0-4a36-83da-7fd594eeacbf,Brian Lewis,889-214-4491x58347,Port Abigail,Active
08ed91cc-fd93-4984-b193-803eac00b5c7,Kelly Payne,827.594.8642x44379,Garyburgh,InActive
e0900d92-80d2-4bbe-ad41-a40171e43c06,Jessica Stephens,(396)644-4922x4947,Karenton,Active
13612cd2-c14c-4da7-bc25-7f223c29da79,Terri Hernandez,001-887-582-5704x96774,Donaldland,Blacklisted
3cc22cce-ba25-4689-b10a-f5874d4468d7,Rebecca Moss,689.358.1602,Smithmouth,Active
a7f3408b-ef42-41f6-bdf8-f29fc024dd56,Bryan Patterson,418.803.0932x179,South Danielland,Active
dd841ee4-9965-4f33-a8a9-e40178d5eca7,Chase Daniels,548.249.4117,Herreraville,InActive
57467326-01df-4509-96c3-55acc17e8e88,Erin Miller,4327710045,Christianchester,InActive
93bbb9be-2a27-46e0-9c05-ed7948c6cfc8,Chad Adams,001-234-857-8298,Bryanshire,Active
624e14a5-2ad5-4a46-815a-086230630603,Brandon Mcknight,235-384-1948,North Kennethbury,Blacklisted
73fc6ae0-0a5c-4cc6-833c-e17ef1bf3186,Brandon Friedman,+1-933-927-6214x350,Port Gregfort,InActive
74840009-c061-4612-a722-1a813c043218,Tiffany Shaw,449-232-4340x325,Angelastad,InActive
51d0a6df-d737-4e6a-b707-5f100e3478c2,Erika Miles,730.394.0765x41955,South Julie,Active
6dc96d86-e1f2-4ff8-947a-3bcd2cb4ee1b,Amy Payne,(895)575-6048x50658,North Katiestad,Blacklisted
658bca42-4ff6-418d-994f-e836ec57a5d4,Adam Martinez,7227729706,Johnfurt,Active
1eb9c6d9-6491-47c4-b196-df4e4fc5e242,Shelby Watson,(562)522-8677x351,Johnsonstad,Blacklisted
fdc7ff55-1377-4f26-b9e9-d6837785eab2,Mia Perez,(704)508-2295x56184,Smithshire,InActive
134c8045-23cb-481a-8f1f-2037b9447307,Kristin Wagner,(998)200-2097,Williamstad,Blacklisted
dc98cf79-57ae-4c06-a482-b7273d99f23b,Bethany Camacho,799.472.4183x399,Clarkberg,Blacklisted
78740049-bb90-4284-a250-5b76a9fe0182,Timothy Becker,+1-713-573-2213x98019,Williamview,Active
d71dda38-c2ea-4d00-bf7a-7645b816d8f4,Carolyn Smith,+1-704-294-6668x28413,Port Johnland,InActive
47f1ba67-03fa-4097-8cff-c4256acbf851,Ashley Cobb,001-587-449-0043,Coffeytown,InActive
2bc9e511-24cb-415c-b234-2ee4bc3accad,Donald Graham,(875)575-1246x29876,Lake Pamelafort,Blacklisted
93d796c4-825e-4ca4-b054-2f79eca41ec3,Jennifer Campbell,614.646.7592x4359,East Tina,Active
75d10173-e245-4e20-8620-fc4a9422f64e,Jennifer Cook,552-620-3329x96095,Lindaton,Active
bdb2e6b1-5cc1-4b96-87b8-f8b355adc4bd,Jason Foster,001-936-419-6838x3593,Janetport,Active
18622d9d-014b-4d6c-ae41-dc5c88a54341,Karen Gonzales,(884)646-3302,Johnsonfort,Active
0689d95c-c7d2-4a75-8b12-e50481c5be10,Shannon Gonzalez,+1-596-915-3353x93253,Schultzton,Active
69b449eb-5862-4dec-9929-0865ebeff594,Robert Weber,001-845-774-1994x192,Kyleberg,Active
5186312f-bb65-440d-be84-9a35b2e80cbf,Amber Sparks,001-328-722-8800x83912,Richardsmouth,InActive
e647e3c6-b663-434c-a463-c347c357ce12,Katie Bryant,627-339-9638x409,North Victoriamouth,InActive
9c41753a-70bb-4852-8d25-b8cab38a7d90,Paul Johnson,293-640-5230,West Dustin,Active
85285807-859c-4906-ac4b-551d95affb04,Michael Roy,(769)305-1829x62837,West Katherine,Blacklisted
ff845231-1e77-47eb-9949-433e38afbb96,Andrea Davis,001-813-580-3905x9169,Lake Stephanieside,Blacklisted
36b66ae1-99f6-425b-a32c-d136015fd83f,Tamara Torres,6018231575,Montgomeryton,InActive
59ad6472-5df9-413c-a091-5a996c973227,Heather Cabrera,558-583-9701x29591,Mitchellport,Active
fc11d046-aea2-445d-a911-2308c06eccbd,Christie Cox,+1-505-444-6246x950,Lake Davidton,Blacklisted
94e5d7f9-e500-4185-9ef6-e76695f00c44,Pamela Kramer,477-676-2997,South Michaelview,Blacklisted
0367e393-082e-4db3-bea7-b8f222184f06,Mark Fleming,9799778252,New Aaron,Active
e22dd988-576f-4ca6-b537-283e8f0f6429,Brian Golden,+1-361-531-3458x84700,Belindaview,Active
541e66a3-714e-4336-bef5-925162a35d31,Rodney Hall,001-486-248-8930x4771,South Jenniferchester,Active
5ee6eaf6-7abd-4345-b23f-c3ea01a37032,Mark Hahn,222-961-1616,East Joelport,InActive
57dbd181-3f87-4a20-b597-8a4b5a4a30f6,Dennis Cabrera,001-430-898-1563x87287,Gonzalezmouth,InActive
97c8a643-6d01-41dc-9125-6f1c0659e815,Kimberly Odom,001-884-628-6293x33876,Khanmouth,Active
7923d68a-966a-4551-b918-92d0e3b58869,Michael Stewart,831.475.1864,Cherylburgh,Active
3fccee03-4caf-4342-a9f6-d6cb84369c34,Jennifer Stevens,307-800-7458x1537,Burkebury,Active
3493b6b2-c66f-42f4-aaf2-945ec483738e,John Pratt,580-997-5235,Burkeside,Blacklisted
e4244871-6c4b-4d43-bebc-4af0e74e39f7,Michael Camacho,(397)751-3206x9156,South Amanda,Active
d6f0e587-c036-46c0-b49b-fde192723178,Ebony Johnson,308.414.3857x6517,Jacksontown,Active
2cb7d7ec-cf1f-4795-8976-c5c131d112fb,Mr. Andrew Spencer,247.598.6682x04070,Malikmouth,InActive
bf8fcc60-3a08-41f1-8075-2dc2aba9a1aa,Jonathan Rodriguez,(345)454-5840x747,Stephanieside,Blacklisted
5efe93ec-7a56-4428-aff9-cdb19514d509,Holly Torres,001-267-906-2656,Arnoldberg,InActive
f968aff8-7247-4f8e-9ac5-b7c30d9fd301,John Perez,777-923-0561x510,Dunnchester,Blacklisted
c652558c-c5fa-406e-85e0-7554feb0c820,Danielle Jones,483.937.7997x18295,Andrewland,Active
ebf124dd-6cc7-4f9b-a51f-daef9a93c59e,Shane Ramos,+1-505-576-0551x519,Timothystad,Blacklisted
d4bd16a9-0564-44e8-853f-3a41d05809c3,Jennifer Jones,646-986-4472x46376,Logantown,Active
565bb353-b30c-4741-8d1e-5e002be61eab,John Lopez,225-361-5511,Ortizborough,Blacklisted
00c2f7f4-c4df-4be2-952e-2191a2f97fe2,Sandra Scott,001-574-844-6809x741,Muellerburgh,InActive
dc56e94a-ddce-4bed-a9fd-0402ba5afe8f,Katherine Dunn,(393)220-8965,Lake Aliciaborough,Blacklisted
76ff4021-d4f3-4834-a831-62529d2239c8,Jeffrey Matthews,911-611-3428,Riceborough,Blacklisted
a39830d5-2229-4f77-9cc3-e425f39e6a2f,Sierra Holder,+1-728-848-6610x428,Thomasbury,Blacklisted
f414ed91-c947-4f3c-9154-e53e0c266a49,James Long,(981)227-3826x6130,South Matthewport,Blacklisted
68f31aea-feea-40e6-9df3-d77cac4e76af,Darrell Lopez,001-343-373-2273,Jasonville,InActive
b6fd7f62-1278-48cd-a41b-451641b82c3f,Christine Gilbert,+1-408-823-5594x84398,Rebeccaton,Blacklisted
e917fb72-1159-45a6-bad4-77142cbd0d3c,Courtney Lee DVM,+1-456-202-5777x478,New Patriciaside,Blacklisted
0598fa3b-b1f7-42fd-b052-e277a28c4eb7,Erica Green,(327)779-3752,East David,Blacklisted
49ceb1fc-ae8b-4cdb-b5a6-843c090ae5f1,Kayla Williams DVM,203.939.6560x009,Ericstad,InActive
345e7d87-4533-41fb-8741-9a2b78e1ad17,Mrs. Patricia Phillips,+1-342-250-1113,Rebekahland,Blacklisted
319103d7-a567-4c7d-bc17-edf1ee97e262,Victoria Mann,445-494-8288x92895,Jamesmouth,InActive
15868797-081c-4787-98d7-f322eb8a8282,Jasmine Caldwell,335-508-7069,New Jefferyville,Active
f7f69557-8537-42c1-bf60-329c06a37fe7,Benjamin Perez,641.332.6526x927,Josephborough,Active
afd112cd-c2d1-4b16-9910-b9bf159eabc3,Tyler Mendoza,001-495-566-9271,Medinaton,Active
5b3f8dfd-b9f3-4926-9d06-8a710f1f3387,Mr. Richard Anderson,7417315097,Duncanmouth,Active
26581bb6-a71f-4dfa-883e-2cc2bc33de3e,Nicholas Myers,001-559-749-7555x377,Antonioside,InActive
85e6265f-4da6-4cda-83f7-8cfc66430754,Sheryl Ray,(956)357-1995x7939,South Alexisfurt,Active
996ba085-b60a-435d-ac56-708dfb0bfdfe,Kayla Burnett,001-778-759-9576x101,Torresstad,Blacklisted
78a4a905-88c2-41b3-a3ce-96480c0f12e2,Christopher Gamble,001-717-924-1752,East Charles,InActive
ff71de97-5e4f-4749-bc7e-1021c73f9d34,Shelly Haley,+1-661-918-1603x277,North Pamela,InActive
6ae4829e-6917-479d-b3f9-d2b0bfbc0271,Donna Rogers,573-822-7543,Taylorfort,Active
9be58d7f-06f7-4ae2-8b5d-61cf9035e1ac,Eric Crawford,425-463-4560,South Anthonyside,Active
b7901ae9-b2ec-4b7a-a98b-a1e0c9233984,Dawn Pineda,+1-335-996-6034x32187,Jeffreyhaven,InActive
e1edf992-f924-4d78-8136-3834e258aea4,Brittney Reyes,334-225-1127x44382,North Katherine,Blacklisted
4526554d-378c-4332-9e8a-f100de00085e,Joseph Robertson,001-278-329-7269x02945,Port Amanda,Blacklisted
0f8b1898-0474-45d8-bf87-3d5dfc8ffda5,Kendra Quinn,637-991-0372,Harmonberg,InActive
1cd6e852-5f1b-4d8c-82a0-c1712fe21deb,Charles Lucas,+1-768-218-1960,Hardyburgh,InActive
ff646db7-01d0-4fb8-ba49-5a02db470ae0,Jordan Miller,298.307.0089,South Gary,InActive
29e70ee8-bafc-486c-96cd-0d47332bce20,Lori Richardson,001-590-669-2942x960,Timothyfort,Active
726b39fd-6c2b-4c98-92f0-0cbd467383eb,Bernard Johnson,667.669.6800x144,Lake Cheryl,Blacklisted
1b855546-ed6c-4260-b7f3-d503e6f71046,Shawn Johnson,291-255-6403,South Richardside,Active
e0de46ea-a3b3-437f-b598-a124bb4a4de0,Matthew Harrison,465.295.2114,West Marisaland,Blacklisted
d15969f1-1b22-4622-a472-bb6ffd09f86e,Samuel Dixon,317.572.6232,Sarahville,Blacklisted
42636efb-6a3a-405c-bf32-2afb50c7a4ed,Brian Hall,910-282-2111x4384,Youngport,Active
b4e78c95-6a1f-40b8-bdfe-81491c8e8d84,Katherine Tanner,+1-544-452-1305x3396,North Adamshire,Active
0e7f4fea-1b9a-48a4-8588-f278ee424d6a,Stephen Kim,001-858-459-1098x07671,Walshton,Blacklisted
7e6eefb7-a41d-4985-923a-57e42b3d0e2a,Jasmine Duncan,554-880-0411x1008,West Hannahview,Blacklisted
61d36953-e049-4ecf-a255-4c82e5100560,Thomas Martinez,001-810-789-4974x902,Jeanbury,InActive
e876d5c9-9516-44dd-8892-6f33c8afae95,Jason Kerr,+1-235-963-0131x6526,East Jessicafort,Active
9545b1dd-2df6-4bfa-91fc-05d3ae9e0917,Richard Kennedy,001-457-696-5812x3941,East Harold,InActive
989d3dce-6fe1-41d1-9c13-b2704b1128d1,Daniel Ramirez,+1-331-472-6841x6157,Galvanmouth,InActive
129b0c7c-4b0b-4df7-b64b-58afe63fdc49,Diane Navarro,488.888.1464,Lake Edward,Blacklisted
7651abff-c5a0-4a69-bbaf-8f09a1bc93c5,Matthew Robinson,(452)362-7928x8494,South Nicole,Blacklisted
25b89643-ecef-453c-8cac-ed3c3dd7f8cf,Jennifer Young,512.690.5837x9025,Williammouth,InActive
10a9d66d-2f4a-4ed2-8aa1-c72265633639,Brandi Pierce,+1-271-454-7029x395,Port Duaneview,Active
46d9dcdb-30b1-4b19-a8f2-b9275acdb2dd,Pamela Miller,5937990129,Ramosbury,Blacklisted
48620a79-b37a-4ddf-999f-f579de83a162,Roger Peters MD,289-256-1287,Hernandezfort,Blacklisted
ce14b8ee-fffa-467c-84d2-2f8eff0b1cae,Andrew Jones,(209)855-8805x0073,Wendymouth,InActive
3bdf3a68-1d64-4850-be2f-01d14bc0c28e,Chelsey Guerrero,939-767-9272x055,New Patrickbury,Active
1d54e7ce-0c71-4a4c-a11b-f2598e1deff8,Kevin Williams,879.360.0836,Lake Benjaminfort,InActive
d7bf3b8b-3404-45f8-863d-f26b794aee5e,Stephanie Marshall,981-550-1882x834,North Annmouth,Active
a3e6d3f0-7852-44bf-b622-e352d7742fb9,Barbara Singh,4124740920,Wallacemouth,Active
e127fe54-7c3e-4f61-a45e-5018de1cae4c,Terry Kelly,(217)946-2748x9429,Charleston,InActive
97ae3b12-8c0e-4f9b-8300-f8796e725be4,Wayne Gutierrez,7358880707,South Timothyland,InActive
bac9b6ca-73d1-4bff-a3fe-93a59462b398,Nicholas Smith,(491)826-6122,Port Derekfort,Blacklisted
fc097075-a618-4216-932b-b815dd0d7337,Don Mercado,001-676-806-8035,Averymouth,InActive
3e5b903b-ee75-4aa8-9583-73cd513212a7,Kimberly Rogers,+1-460-516-4009x4053,Port Patriciafort,Active
aabd4eb1-fe5d-4180-996e-98c39f96d0a6,Brent Phillips,754-276-9150,East Michael,Active
c2405eef-a31b-4a6d-a13a-aa7d48d3759e,Daniel Miller,001-671-397-5800x9100,West Robertburgh,InActive
cf78f249-632b-4c5d-ac95-7d90b70456a7,Alan Massey,001-691-665-8732x33495,North Dennis,Blacklisted
5cdccf32-fa40-48ac-9823-8afb2e5c1c68,Sylvia Riley,(832)373-3151x8545,Sharichester,Active
6e2f0643-c603-40d9-b6fb-0c10d5a59d74,Walter Young,(672)351-4892x142,Andersonchester,Blacklisted
3cc32d5e-aa12-4dca-b9fc-ab6259fd0e42,Ian Rodriguez,+1-916-914-5855x0537,Martinport,InActive
821e65cc-b967-4b0c-9f14-a31aa3fe14fe,Kathryn Shepherd,001-601-775-5057x623,North Codyland,Blacklisted
bdea0ae5-553d-4c0d-aa5a-62aa511827a7,Cindy Reeves,876.315.2143x7564,Jimenezville,Active
d69375a2-f1bf-49df-b70d-5241740919d3,Paul Rodriguez,(685)353-0694,New Nathan,Active
1863aa1b-a867-4446-b560-e0a5afcba4c9,Christopher Burgess,859-454-9064,Edwardview,Blacklisted
0f1a1385-7738-4b40-8c33-1f9c7ccbde5f,Tyler Taylor,616-454-6870x53084,Ryanfurt,InActive
08092a46-8f5c-4b67-a2e0-6a824b551e9e,Rachel Anderson,(200)448-7110x13384,East Elizabethbury,InActive
55d9ed37-df96-4345-b91d-b6c77ee59c47,Timothy Wood,831-564-9923x657,South William,InActive
13d17fbb-d34f-4602-bbd6-25cb300ab5bd,Lisa Jones,(314)584-8985x41231,Lake Timothy,Blacklisted
6eb1484f-8d8b-4d82-85a2-fb0a01e8010c,Jessica Mclean,+1-775-630-3528x281,Cortezport,InActive
61484a25-8250-492d-8e02-26cea7921eec,Robert Gonzalez,598.888.5382x10083,Carlaland,Blacklisted
1a239d37-2fa7-4bc7-bdf4-b9aacd2edb06,Stephanie Sanchez,783-862-3318,New Howard,Active
1f6be8dd-ac83-43d9-a2fa-0de2e1df64e9,Matthew May,(741)464-9521,West Alexishaven,Active
1f80a559-0009-452b-93ec-630871178cba,Jessica Brooks,(957)514-1672,South Stevenburgh,Active
989612eb-31de-46be-9c59-77c0b474bafb,Wanda Carson,001-758-395-4962x567,Stephanieport,Active
bbc218d8-5350-4b6e-ae63-6a8a589dc8aa,John Moore,(395)770-6781x4712,Gonzaleshaven,Active
609a2867-7a83-432c-a636-2fedb027038e,David Cline,659-934-7692x8403,West Denisebury,Active
9e985028-abfb-470b-82ae-9ea4599290f0,Ronald West,(304)400-1157,Port Mark,InActive
0f120c71-2fed-4fbc-981d-98b0af30b3c3,Dustin Morris,001-433-509-0284x329,Nguyenside,Active
ecbe0685-a708-448f-a044-ba9fb8cbf22d,Michelle Jones,+1-202-692-9879,Justinside,InActive
7dab0bb8-c119-4309-8241-4ab10f08ea56,Michael Baird,001-334-917-3778,Lake Ashleystad,Blacklisted
fce0da82-4068-4ea4-9286-a0e999a130c5,Janice White,4069725176,South Adam,Active
6cd9e9b7-4f82-4f58-bbce-c68a9299194e,Theresa Barnes,+1-428-756-4084,Avilashire,InActive
e2d9874c-cf84-416d-b9d3-17bcf925761f,Stephanie Kirby,+1-712-251-7477x0395,East Trevorberg,Active
1c2d7d49-115d-42d4-b6b6-519e27f127c1,Seth Taylor,589-326-6497,South Jennifer,Active
2df17628-d788-490f-82df-337ed7fe41ee,Jorge Moore,399-254-4229x46703,Lake Tony,InActive
8c59d319-15fb-46d7-864a-347f210e363e,Brandon Young,5507718175,Burnsberg,Active
646fc046-3c60-42ef-917b-938a0cbd5365,Alexandra Wheeler,799.572.7641x32697,Butlerland,Active
80e09a03-d76f-472b-a59c-82536ffe7a6f,Michael Robles,404-666-2361x35324,South Gordonville,Blacklisted
19b72855-1e75-46f5-83a6-f90fdb02be20,Mark Baker,(340)345-2762,Thompsonberg,Active
fa2161ef-1d1f-4eca-8829-d20c991fd9b6,Laura Tran,525-236-5506,Ericside,Active
292aab37-6564-455e-9baa-303f8551c13f,Elizabeth Hanson,502-734-2563,Cassandraberg,Blacklisted
9d2384da-30a1-43d8-b805-710bf96d6209,Kristy Robles,543-749-9671x760,West Richardport,Blacklisted
a6733a36-1f46-4f4d-94ce-4644714a6be1,James Giles,828-772-5145x4900,Davisstad,Blacklisted
8f26910c-e0da-48a3-a326-4455347e8e7b,Aaron Schwartz,+1-737-437-6501x1295,Frazierfurt,Blacklisted
78fad921-b2f8-4147-aa10-79332cf4e0d9,Timothy Brown,357.540.1633,South April,Active
dced3775-57a1-434f-8142-847baa2609b7,Alexandra Wright,4229171528,Port Matthew,InActive
4dedda7b-ca33-4ed3-8ce5-f2f446eb8c9f,James Brown,3737293820,Jerryside,Blacklisted
18c947a0-f934-4f7f-8247-7769f9aee615,Sarah Lopez,3619414667,West Kendra,Active
d56b852b-3bf6-4bbd-873c-1668c6be4dcd,Angela Macias,971-797-7508x189,Ronaldport,Active
038452e4-635e-4e2b-814d-814024588130,Luis Pruitt,001-935-974-5466x524,East Chad,Blacklisted
9b779bcd-9245-4854-868b-c643ae8a7f55,Cory Smith,001-636-381-7162x71656,New Morganmouth,InActive
d2674c5b-2d71-49b1-bd03-29fc09afb5ef,Anna Williams,608.944.8641x39344,Lake Thomasport,InActive
3ce67bcc-2fdb-477c-932b-5f28de6b379a,Mr. Joshua Brown,+1-491-700-8355,Martinview,InActive
18e44c41-fe5f-4da2-b629-90c07f718556,Crystal Chung,001-746-808-2105x665,Davisshire,Blacklisted
e91e26fe-21ed-4482-beb5-d4d041eae3ea,Edward Myers,232-709-0880x173,Perezfort,InActive
d46a78c7-889a-4f49-8898-c4a2623de709,John Curtis,734-329-4726,Hamiltonburgh,Active
4270861d-9f70-4aaf-9b42-25f083b57f32,Peter Lopez,+1-492-837-2450x1549,Sanchezstad,Blacklisted
ccbd15c2-065b-4b42-87ac-99c651c2186f,Erik Powell IV,690-312-4890x328,South Alicia,Active
7b39990d-f6e8-47cc-884f-4da7491372b9,Karen Hanna,(333)599-8702x053,Jessicaton,Active
0f1bfd27-8922-41ff-8d80-9dbc8b398d93,Daniel Andrews,+1-839-693-1542x4164,Mendozachester,Active
20a9d32f-79b2-4ac8-99d1-e511ec143556,Kimberly Cisneros,933.916.0747,East Brian,InActive
c3ac81be-1439-4932-9901-8b176ef7f252,Anita Smith,(908)355-2855,New Jefferyburgh,Active
16ea4839-40c1-4bc0-b1a4-c7942d2f0476,Kara Phillips,(613)807-7667x9965,Cynthiaberg,Active
4748df74-474e-4d8a-9a69-b7c769b2c4d1,Sean Harris,(277)783-2122x882,Franklinbury,Active
286e1d84-155e-45be-af35-8cfe934302fe,Anna Douglas,001-212-924-7631x55859,Heidishire,InActive
458c2703-1d15-480e-af51-6304ba5d5f83,Alisha Bryant,(628)501-5667,Ericstad,Blacklisted
67e2115f-8337-40af-80ba-ba34a142ffac,Katherine Brooks,983-984-4128,Griffithshire,Active
0985bfc4-f191-46e4-937b-6dcd66c8361d,Ryan Orozco,+1-468-809-9152x12014,Duffyfort,InActive
fc587c79-1233-42fd-87c8-6bfa09daa471,Robert Dennis,769.261.1116,Glendatown,Blacklisted
c088cd88-1652-4342-9d69-704982f28a04,Patricia Price,821.697.4760x3447,East Seanview,Active
5b6497c6-e41a-48b6-a115-49619021e8d9,Eric Perez,658-467-6149,North Helenchester,Active
8f6ed384-469c-4642-95f0-f45e4e3fdc90,Michael Hernandez,(282)276-5782,Hillstad,Active
74e8bf42-8578-43e1-92cc-0f6c84db1259,Michael Rowe II,(745)872-9350x9177,Mcculloughberg,InActive
411da630-b9ac-4794-9d65-5cb3124fc53c,Laura Osborn,+1-790-412-5087,New Jamie,Blacklisted
9b66577c-18c4-4a42-b608-902f87f1eb9c,Samuel Martinez,5364934255,New Johnmouth,Blacklisted
58a275a7-0059-47c8-b5ca-8dd81f9b3f6e,Lee Yu,323-733-8316x6995,Lake Marcusstad,Blacklisted
57b920e4-f482-46ef-85c6-b0c5382a6a1b,Melissa Estrada DDS,405.673.1331,Port Betty,Blacklisted
39632865-a618-457a-b534-3145a3887795,Kristy Brown,001-209-232-8907,Michaelside,Active
eed5f7dd-9f1e-47e6-b762-8bf7b81b7b40,Regina Moore,+1-656-841-2003x02869,Lake Robert,Active
f3484d6d-7c97-4759-93cb-bbbd526e95ba,Nathaniel Miller,504-999-6202,Lake Lesliestad,Blacklisted
85d4d6e8-1efe-4b22-b58a-15d2941ce488,Randy Smith,243-308-3009x9966,Moonport,InActive
635f7726-3e8e-45b9-9239-8aef09d8c7d7,Karen Thomas,001-990-261-6683x450,West Emily,Active
74889cc7-88de-453d-9fc2-2468249082c1,Victoria Ross,263-401-2161,Karenburgh,Active
0ecc9745-8816-459e-9c4e-8b34830231f1,Kimberly Montgomery,2215710844,Port John,Blacklisted
25644f7d-166f-4990-9e19-4f74e5d8087f,Scott Brown,+1-536-460-7331x860,South Lisaview,InActive
d1310a9a-a833-4481-85d8-595bc9eafcae,Virginia Jones,986-297-1993,Lake Daisyhaven,InActive
38d9228e-b2ed-4619-96d2-f8e1b48dc589,Joel Matthews,(860)847-2262x519,Williamview,Blacklisted
8b062185-593f-460a-893d-cbd4170a37f8,Joseph Shah,702.218.2910,Pottsburgh,InActive
aabadfc8-6970-492c-9356-656b65a74d29,Richard Reyes,854-231-2524x0363,West Lisa,Blacklisted
3970a6bf-f00c-4c17-949b-db311695a14d,Sherry Santana,837-891-5403,Boydborough,Active
e1947be9-ca19-4527-9cf2-804765b84a7a,Linda Smith,451-958-7584,Jeffreychester,Blacklisted
524d0d82-8711-4c4b-a320-fe45a64aaedf,Catherine Stevenson,(922)566-4719,Stephanieton,Blacklisted
d5ff9741-c4bd-4c5c-b527-9d9a41b0be4e,Sharon Cherry,659.202.6773,Lake Ashley,Blacklisted
2c1144ba-a8ee-426d-be5d-4300d2097dda,Angela Andrade DDS,+1-911-439-1696,West David,Blacklisted
49f34e07-0209-4972-9d9c-2118545b2633,Wendy Potts,291-221-5426x02924,Lake Kimberlyshire,Active
686900a1-b6e9-426a-a5af-fceaf1bc98a6,Scott Davis,901.582.5993,New Troyburgh,InActive
65cdd295-5897-4361-bffc-90b2583d1680,Carol Farrell,(292)347-2514,Tanyahaven,Blacklisted
c04ae073-4785-4d0f-b77b-11f12f3d7951,Debra Phillips,(729)381-4598x277,Coltonmouth,InActive
c56fcc76-d21a-40fc-81a7-60f5195a4cb9,Bryan Nelson,630-534-2853x40459,Bankston,InActive
b9f49cdc-ef34-4d66-99ed-a0c7b63fe236,Debbie Williamson,+1-569-248-3215x182,Curtiston,InActive
84c43f61-7742-4c9e-99b5-365f6c6f54e9,Laura Morris,(503)885-1255,New Allison,Blacklisted
463e48e1-f548-47b7-bf10-605b4ffed648,Crystal Morris,(733)412-3800x72351,Johnville,Blacklisted
df099b44-155c-4b84-8a28-4fdcc72587f2,Darrell Chaney,+1-701-825-9775x425,East Darlene,Active
a717adb6-2f72-434e-b4a8-8abc02d5a01e,Mr. Brian Knight,6347118024,Cynthiastad,Blacklisted
f9410f89-b150-4619-bb8e-23c1f06559ba,Eric Chavez,702-659-9095x7469,South Craigland,Blacklisted
edec0074-cc8d-44d2-9cc1-5674ea9089d0,Lauren Wilson,213-688-7542x683,Hernandezbury,Blacklisted
18f6db5e-4768-456d-8266-9bd5d703d643,Natalie Lester,821-336-2651,Dyertown,Active
320a3a6d-41f0-430c-91e8-7e9d04275f60,Ruth Fry,(404)805-8939x68950,New Abigail,Blacklisted
af4c1c72-f3bc-4b00-afe4-824945721b13,Kimberly Scott,545-867-4353x727,Port Thomasside,Active
1affa9f6-2261-494b-bf5c-dad59a0059de,Kelsey Cooper,875-803-3674x979,North Scottshire,Active
08580e35-3d06-43b7-983c-eae5afbc0495,Jacqueline Jensen DVM,688.220.5392,Michaelborough,Blacklisted
a0eedf5b-1b7f-4dd5-bdd9-e141ff113527,Jennifer Johnston,700-257-3108,Briannaport,Active
42250a25-655a-45bf-88af-db64b96ad7d1,Travis Aguilar,414.593.5682x56304,Lake Wendy,Active
9afafb5d-c5e0-43a1-ba1d-00dd4ce596ed,Mark Becker,+1-392-791-5656x1358,Johnsonshire,Blacklisted
098ea730-ea6b-408f-9b7d-b3569fdbaeab,Sally Humphrey,+1-236-278-0625x8880,Port Christianchester,Active
8b2493d1-dbde-400f-8b77-da8a4a562879,Robert Woods,407.567.2958x3890,Maryfort,Active
58192c46-543f-47ca-ab7f-9239a9e01b86,Sarah Hood,682-937-9028x8559,Dudleyburgh,InActive
21dba278-6568-479a-a914-a37147bccb7f,Laura Floyd,(966)261-9688x1032,Russellhaven,Blacklisted
feea5f6d-b82f-4094-80e4-f4d84509b604,Tiffany Bishop,+1-506-816-5851x569,Benjaminfurt,Blacklisted
1b284627-86d2-4fc9-a32b-1b154038af0f,Daniel Thomas,001-706-648-0683,South Sarahshire,InActive
7282f294-39c3-41fe-9ba0-185b9c54d6ce,Andrew Galloway,001-901-543-0714x527,Jodyton,Active
2ea79815-db3e-48e4-b7d3-e85da9c31320,Brandy Lowery,988-760-2716,South Tonyshire,InActive
fa3e11f4-2d23-428e-a602-328188b623c0,Kimberly Powell,001-375-341-2974x105,Lake Annette,Active
dcb1bbf1-e552-45bf-8c29-dbe24d58cb71,Jessica Sparks,289.431.6298,Matthewside,Active
723da6ef-b196-48fb-9e89-d7e5d0b70715,Diane Roberts,794.538.1684,Lake Markmouth,Blacklisted
cbf482de-746d-4e69-b033-c838c4b8a069,Jessica Green,354.635.4356x9280,North Kellyfort,Blacklisted
f069c5f7-646f-4d19-9316-d2af5bbe8e3d,Denise Salazar,750-496-5251,Scottfort,InActive
10053790-c328-4cb0-b84f-1fa726508c7c,Johnathan Roberts,001-783-262-1626x8452,Levinemouth,InActive
d5b47329-91d1-441f-872a-fad9c44d4863,Sean Ali,(804)928-3382x218,Jasminehaven,Active
709d9058-7767-4d1c-8cb4-c832b4f567c6,Christine Smith,220.360.8161x4298,West Lindafort,InActive
bc69504d-3180-40fb-9b26-1bc17c6a9016,Richard Blanchard,001-474-939-4930x34340,East Cynthiachester,InActive
21955ffa-d2bf-4fc1-af4a-4727baab3b48,Robert Mayo,913-881-8101,Jaredmouth,InActive
2e544eb1-3857-48d8-96b9-329d5b9a9550,Lori Crawford,461-452-2512,Randyhaven,InActive
9b06d28a-af33-4416-9e97-e054e9a6ecb1,Anita Mendoza,001-963-276-7886x0468,Patrickchester,Blacklisted
4d283a7a-ff9f-40ca-a531-b9d67c365153,Gina Wallace,+1-690-212-5060x71151,Monicashire,InActive
7cc7301f-416a-450a-9f6e-f7b5f01853a3,Kelly Young,648-830-6467x616,Hernandezchester,Active
8a077b9f-df3d-4167-be01-29aafea4e06e,James Harris,836-620-6948,Rogersburgh,InActive
20c2b281-3316-4e07-aa26-d7dd662291f6,Richard Wilcox,(724)299-4304x101,Biancaview,Active
c1b3ef74-5bd4-4543-bfe8-efe2f2c5c9eb,Jason Morton,+1-352-653-2562x18046,Port Maria,InActive
c0a602d2-88f9-41d3-b2fe-7b48ecabd8d6,Kimberly Reilly,001-914-759-5981x573,Jonesside,Blacklisted
af105cbd-bfb6-44db-ae18-4a6baf438bc9,Taylor Hawkins,001-565-832-3314,North Melissa,Active
2f457835-e194-4a0c-9b3f-7c60751a8ab2,Megan Chaney,7378594661,Robertborough,InActive
a4227e54-85ef-4ae6-93c0-121c4796872d,Laura Williams,001-556-344-3982x42687,South Kylestad,Active
35180ac7-ded3-4b6e-bf40-a9803caa3754,Angela Galloway,(643)685-5054,West Maxwell,Blacklisted
591030b9-853b-4053-b305-bf6db37c12a0,Grace Carter,3209931097,Nguyenfurt,InActive
1d9f6c9b-0029-48c9-a2cc-c8e4658d5d17,Abigail Reed,203-341-0115,Jeremyville,InActive
290e7048-8d7b-4774-ae46-2df6c6ea08df,Justin Church,(255)873-0198x95928,Heatherberg,Active
a9808dbd-63fc-4b29-b6c2-aebe6a32b292,Ronald Simmons,001-293-658-2397x91097,Durhamland,Active
37ac3e3a-52bf-4894-b8b8-257d609b8b4a,Laura Fields,+1-760-539-6731x41806,West Marthaside,Active
9d14eccf-38c7-4086-9809-e0eec24ce1b7,Amy Mcmillan,515-927-5662,Jenniferstad,InActive
67c6feb5-d23c-4c97-ac5c-b9fa7c6c88c2,Bryan Parsons,+1-597-864-0503x18092,North Louis,Active
f45d617a-cdf5-40de-b8e2-28aaa39ad85b,Brian Clark,239.845.1272x36752,Cartermouth,InActive
22fa5719-b841-4476-8c97-088b3dec8098,Natasha Alvarez,+1-755-925-6206x508,Dianeshire,Active
69b2a14e-b4ff-4dac-87a3-2fd328eec814,Sabrina Brooks,001-944-592-6619x63193,South Zachary,InActive
cb2fa2ee-301f-462a-9c92-45f2ea60a1cf,Cheryl Nguyen,303-294-1627x6028,Elizabethhaven,Blacklisted
2e69d583-6ff7-4d9f-95c2-cf13c0fe61b5,Jasmine Saunders,463.304.9102x49280,Josephborough,Active
5fa91047-5bac-4d55-adb4-1456cf8e0912,Kelly Humphrey,(764)513-2721x44575,Smithside,Active
3beba1b2-bb54-4b71-99dc-febf9b0e81ee,Michael White,221.372.7455x44507,West Lisa,Blacklisted
a861edfe-6cb3-4485-a90b-38e4b72bc8e6,Robert Hancock,579-231-4518,Kelseychester,Blacklisted
a48b9277-684a-4e14-9189-784c51b650ec,John Barrett,(664)512-5082x96103,Morganton,Blacklisted
7132aca5-fcbe-48d4-a7b0-4f5b3bfe227e,Stephen Ruiz,204-653-4686x080,Diazton,InActive
8546d218-1c91-4f93-b692-7cce699129d4,Allison Mcdaniel,974-618-1151x123,Gonzalezstad,Blacklisted
3d1c9d6b-9914-488e-9311-d8eb48a1d451,Trevor Ryan,734.588.7024x6882,Sheilabury,InActive
2968bd5c-41c9-4710-933d-08d87e67294b,Darryl Hopkins,(894)909-8392x684,Nathanfort,Active
0b1b9048-b2cb-48d6-95e7-130396b03f0c,Meredith Scott,+1-300-901-8135,Jeffport,Active
2051e2dc-e4e2-42b9-8a43-a5e53b62b7ff,Mark Jones,001-842-864-0852,West Elizabeth,Blacklisted
6c311dc6-f263-4967-89d9-aad0944e5a23,Renee Williams,249.915.1496,New Scott,Blacklisted
0691f64c-6832-44a6-8fa8-cfe838d68316,Zachary Haynes,+1-855-644-0665x6122,Port Justinmouth,Blacklisted
a344b777-dab1-4704-9d85-62550335a0e3,Alex Smith,333.669.0210,East Jacobview,Blacklisted
8348df7e-1172-49fe-b51e-e620a4974fa5,Linda Bentley,955.204.3155x4062,Port Mary,Active
19356d13-f856-41fc-987a-4463a83203fa,Mario Lloyd,001-250-513-4967x15701,Coleville,Active
7d7e0a75-1939-4a47-b114-3f67c05131ef,David Buck,256.983.6394,Lake Michaelberg,Active
de2addb7-5964-4d52-ad40-ca06342b898e,Ross Cuevas,(627)876-4009x61982,Lake Sharon,InActive
a54a7546-191e-42d1-84cc-378c29c75b6d,Monica Lopez,001-895-947-4715x23959,New Eric,Blacklisted
37a08a10-ffeb-4423-aa9e-8c3de060e54f,Jennifer Cherry,369-658-4261x9901,New Kathrynbury,Active
6b2a650b-2a5a-4ffe-b836-57126e76a802,Anthony Hunter,(500)931-3236x508,Jamesland,InActive
b32661ea-4a5e-451a-8ed1-b796d78e0567,Jodi Simon,(388)489-2813x9930,Brownhaven,InActive
5704023a-586d-4343-8f1b-69cdf28194a5,Kevin Gonzales,001-796-824-8277x63568,Jameschester,InActive
b9941730-5098-4668-935e-3523fc560e5a,Chad Aguirre,001-476-542-0867x744,Michaelville,Blacklisted
0342d88c-2518-424b-9c52-65bd1c6236f0,Rebecca Cabrera,(257)234-2677,Calebborough,Active
b5ca6cdd-ba2a-4d80-8630-14cc46816f78,Brian Mccullough,+1-399-582-0527x349,Shahside,Active
f33d28a3-2d9f-429a-a0fe-479c40b59e3c,Laura Johnston,3128366377,Port Jennifer,Active
4997c48f-1ef4-4ec9-b0b5-40957dcf6ce5,William Moss,547.451.6021x3645,Oconnorborough,InActive
8dba8ced-78c4-4232-a450-99e7501709ba,David Christensen,+1-378-567-7990x504,East Barbarafort,Active
f5957ff2-1b9d-408a-858a-a485549f9981,Stacy Gamble,+1-805-856-8976,Burkestad,InActive
2253f683-1a8d-46af-9280-ba61453e260b,Robert George,387.676.5160x83324,Port Cody,Blacklisted
8c73c08c-673c-48a1-b920-18fe2136f6ae,Margaret Spencer,(235)890-4940,Rogerfurt,Blacklisted
81d3d83d-d9df-4bc1-b363-1368bd936277,Richard Brown,+1-764-512-2446x12891,Kevinmouth,Blacklisted
547cd0b2-11eb-4948-8e89-e0d369b60aa5,Taylor Walker,001-326-201-1649x5158,Smithberg,InActive
152dcecd-4c05-4e2c-8544-8e953f6d5f8e,Christina Rodriguez,001-888-322-9486,Williamville,Blacklisted
a68b4a58-a5ef-4fa5-a07b-2755884a7691,Sarah Myers,(751)324-5714,Johnview,Active
898f714e-09f1-45cc-a54b-f1c71b6d4d3c,Melissa Briggs,513-748-4090x7292,South Michaelburgh,InActive
d876b989-4a8b-4b9d-9d73-d7a6c8fa3a17,Kevin Brown,492.318.7754x12507,Shortmouth,InActive
c18e4204-3c34-4ef3-a066-382a0311e595,Patrick Stephens,(669)761-2482,Jenniferville,Blacklisted
5d93bda1-c8e7-4937-8b6b-653b9e1ae2a5,Richard Frank,8414259229,Morrismouth,Blacklisted
8524b8dc-dac9-465b-aacc-f9bf0d489a9c,Mr. Charles Hill DVM,714-962-5212,New Alexis,InActive
433c4e25-74eb-44d7-bfac-6380666b3eaa,Brianna Gardner,(421)792-6354,Aprilborough,InActive
ae54b3a9-8588-46bd-a269-8d5a68fdd145,Christopher Adams,778.332.1485,Fullerbury,InActive
506f0f37-dbf2-46fa-b4f8-f90ed6a237f9,Adam Johns,983-836-7754x64265,Ellisport,Blacklisted
fd6d7340-7156-491e-a0cc-165806c1b0c3,Gregory Brown,995.708.6599,Sheilaburgh,Blacklisted
a6ed85cb-bbfd-4069-be24-d56bb6d021a8,Rebecca Smith,544.944.3005,East Ericburgh,Active
8af0a98f-054a-4880-b3c1-fcbe32e80286,Tyler Griffin,208-252-9253,New Ericberg,Active
f1be01c6-1b0f-44b5-8cb5-9b3ccf9e6511,Brittany Scott,+1-516-264-0184x25771,New Christian,Active
09612545-a5c4-4356-9e40-d55b727e4de0,Darlene Bailey,(541)479-5876,Williamsbury,InActive
da7bd46c-481b-44c3-b2ac-df51706bfb85,Andrew Aguilar,(421)920-0573x597,South Teresaberg,Active
dbd2667d-856a-4939-a641-f7177ad37e28,Candice Thomas,(299)821-1505,New Brittany,Blacklisted
003ee86f-4e17-4b39-bb6a-30897fe0a165,Timothy Hall,+1-585-798-5830x891,Lunaview,Active
c51af068-aa22-45be-82c0-cf19a1af2c77,Nicole Valentine,674-740-8785,Javierstad,Active
adf5faab-2647-4b4c-b527-846f87180109,Sally Ruiz,448.425.9790,Horneport,Blacklisted
cc895ee2-9fbe-46e1-8820-685560d85332,Hunter Lozano,+1-527-939-6618,Port Catherine,Active
96e0c394-36c2-4646-96e8-f5ec7b528142,Wanda Martin DDS,001-604-574-4081,North Scott,Active
5e7c2076-e843-4d38-b5b8-df7b0a54724d,Yvette Baker,001-207-789-2209x16740,Jamesbury,Blacklisted
d9790cdd-66cb-4057-8052-d63f0aea6ee3,Sarah Tran,+1-454-265-3203,South Danny,Blacklisted
d83e646d-0cdb-4b04-9ebd-48ab429cff9c,Maria Ward,(254)272-9682x09209,South Alexis,Active
8ad0eae9-a830-4bed-9cf1-1c797dcc6306,Terry Sawyer,(238)904-5937x870,Charlesmouth,Active
ef0aefdb-f678-44b0-bf55-9e6a21052198,Antonio Walker,(222)836-3565,New Jennifer,InActive
08a6315d-64f8-4ace-b6cf-79a9c29c1dfe,Ian Barron,299-557-6806x88293,East Kylefurt,Active
6210d716-fcd7-4f26-b1b0-93bbcdea8605,Veronica Morrow,+1-968-626-0869x771,East Timothyport,Blacklisted
11d9b973-2763-4b55-80a3-90af0a93e60b,Mike Day,001-265-286-6226x6324,Debraburgh,InActive
7c318060-c377-479e-a7cc-e994de5d68f4,Maria Morales,+1-830-506-2352x961,Johnsonland,InActive
70da6ee2-b0fc-4393-8c40-4e8a59122347,Faith Branch,376.553.2729x50548,Garciastad,InActive
7a6060a9-e558-48c0-9532-ec8c832901f7,Billy Harris,001-591-565-5466x748,Lopezbury,InActive
1c04efd2-02cc-4118-9ab2-a638705bd94f,Robert Smith,+1-887-513-1125x88279,Bryanhaven,InActive
ca1e0b48-eb30-48fa-a5d2-c717347bad32,Jesse Coffey,+1-493-610-0792x985,Mortonhaven,Blacklisted
c1e3c56b-80a3-47d8-a6de-fe482f6eccd0,Sheena Shelton,690.998.1202x12674,North Gregory,InActive
8aac1094-8a5a-4cfb-b74f-cc0f70736fbe,Jacqueline Holmes,(561)817-5009x16819,Jamesfurt,Active
92ba8d30-5e11-420c-a809-de6e8645adb1,Lauren Fox,+1-610-496-3411x859,Tammymouth,Active
a1c7ca45-22c3-491c-9462-6deb6032b0bb,Christopher Kelly,(906)364-5854,Stoneshire,Blacklisted
3287d5f6-83c0-4ccd-b70e-90f5fa2b0ad5,Jason George,001-251-905-7357x6411,Morrisfurt,Blacklisted
c8c151af-8e08-4454-854a-35d53adabc8b,Amanda Howard,415-448-1842x34468,Lisashire,Active
af530ead-3e3e-4ef8-809c-b69cca50bc83,Christina Salazar,3788591519,New Amyshire,Active
400ac473-8136-4397-8a19-7e8b80a444ce,Toni Lee,(637)983-7887,Deborahhaven,Blacklisted
12c15c02-9b8c-421b-92dc-551ff5ba7d8e,Jonathan Duncan,733-463-4775x0911,South Michellebury,InActive
ad2c5294-ed0a-411a-9821-4284cbbd622a,Crystal Gilbert,532-604-6100x502,North Jason,Blacklisted
5a73cf35-0171-42b8-88d9-c08e3c2c9ebf,Jennifer Powell,306.745.7757x95338,West Heather,Active
c8d8d410-7a1a-4252-93ec-5370e4f2581c,Elizabeth Byrd,557.807.1409x315,West Chad,Blacklisted
22d67b96-e27e-4134-9d28-d1673ea5b368,Katherine Thompson,001-591-495-1954x59163,Lake Daniel,InActive
cff00083-ac11-41bb-8500-1af93ad038e6,Wendy Garrison,+1-213-956-4185,Timothymouth,Active
64ea08cc-aee4-4ca3-b9c6-f9668650b558,James Abbott,001-505-729-3746,North Malikhaven,Active
90830a3a-690e-4daf-b077-b2fc61d54d84,Teresa Wolfe,936.961.0396,North Jessica,InActive
9c3890a0-6325-4610-b3c4-7c4318233a7e,Kimberly Church,531.935.9246,South Yolanda,Active
b7a3dab3-551d-4935-ad96-88220a2a2164,Tammy Bradley,(224)967-2171x3223,Hobbshaven,Blacklisted
5b66651c-a7e7-4310-8f5d-e85e6e2fa894,Rachel Howard,334-332-4038x0305,Port Mauricestad,Blacklisted
966021db-d26d-4600-bc9e-f6bec8d652e0,David Pierce,001-885-771-6436x5655,South John,InActive
fa345e62-9d5a-455d-a32f-edaababbabcf,Bryan Hickman,+1-975-244-7971,Shorthaven,InActive
73e4e771-d974-4573-aeb9-cb24091cec30,Hector Kaiser,212-484-1206x670,East Melaniechester,Active
64ed6ff7-4312-48d6-a530-54396a98f4e5,Scott Figueroa,663.465.7272x9540,Juliechester,Active
433cda2b-a3f9-4a28-8e03-55a074caafa0,William Moore,296-261-5585x1805,Ashleyview,InActive
6e4b59e1-f521-4ea5-b9f6-e0816cf52cd7,Michelle Richardson,325-477-0668x9907,Port Matthewton,Blacklisted
fb9c2373-3bd3-4e35-b7dc-025c75035af1,Mark Gonzalez,760.449.0196x5871,West Laura,Blacklisted
0999c040-c4da-4a03-a7d2-d3cd14c37027,Cynthia Oconnor,2209208290,Jamiefort,Active
c22c53c4-b912-4c0a-8844-b674431dc04f,Stephanie Franco,+1-876-383-0311x055,Kaylamouth,InActive
69e35a33-09ad-40ec-81ce-b38c84730942,Sara Kelly,+1-695-507-4339x321,Kathleenport,InActive
2cb8e16c-a086-4fe4-afef-8530b33fafcb,Derrick Rodriguez,917-386-3993x06721,Hollowayhaven,InActive
96da9eaa-d051-4804-b788-8ed2cff9b535,Stacy Gonzalez,+1-588-751-7746,South Javierchester,Blacklisted
017058e3-3c0b-4f2f-a359-06cba4a8b5ff,Lindsay Jacobs,395.874.3265x706,North Wyatt,InActive
dbb982c1-0a13-4153-8fa7-8ef964f1455e,Claudia Farrell,693-647-8373,Port Candiceton,InActive
09c72fec-649f-4b44-b60d-0eb8e37deaeb,Amy Smith,6015379973,Jennifermouth,Blacklisted
1e76332d-3e8e-4d7f-a97b-22ff9d105709,Cristina Bradford,579-826-0591,North Lisaville,InActive
2b9394d7-9728-41c2-ae94-e894dfc35a0d,Alison Smith,973.834.7345x9970,Amyberg,Blacklisted
bff565c2-951a-4204-b00a-b329d9df77b3,Kayla Jordan,(451)429-9427x006,North Edward,InActive
d85a009e-0b46-4dd0-9022-a40bc38abd18,Austin Thomas Jr.,+1-454-553-2684x389,West Amymouth,Active
51256e39-1c8f-4249-9a24-e6226ec641d1,Samuel Jones,(488)691-8807x48049,Gomeztown,InActive
44168269-d12f-4b4d-a965-bdbf3f3447d5,Cheryl Gutierrez,+1-638-936-9738x125,Port Johnnyport,InActive
45c2e2d7-1b9c-4ec3-a910-aa7ae1b237ea,Wesley Cunningham,(366)776-0376,Sarahland,InActive
230d9773-50c0-486e-aea5-e3ab1fb5dfa8,Daniel Sanders,(659)449-5529,Ryanchester,InActive
ac3ca071-08a5-4c7a-bba9-bfcd018c3dcb,Geoffrey Stone,+1-273-585-7236x79514,Smithchester,Active
65581655-11c7-4c0a-9e11-b7dca51cbbe2,Monique Miller,441.650.0844,Port Elizabeth,Active
39c16423-2223-4dd7-960f-25b9c9f9bee8,Tracy Wong,351-298-5159,New Christopherville,Active
3bf3f64e-8e79-4d12-aa9a-37037ac71c54,Michael Howell,926-521-6863x395,East Evanton,Blacklisted
1ce6d8fa-71d5-4d3c-8417-1800076bbf23,William Carter,907.905.0741x14677,Port Jenniferfort,Active
a6155804-09db-489c-9865-d3b773614ba6,Christina Mora,805-547-5366,East Kyleborough,InActive
2f756e8c-687b-4bfd-b67e-64586da18e5d,Darius Steele,+1-210-998-1253x45881,Gutierrezport,InActive
48f1dd1d-4a08-4ce8-ba35-40858d6da60b,John Cook,756.215.0048x232,Youngbury,InActive
59583ee5-87b2-4946-9a78-8f63b0aa7799,Mark Colon,588.439.3559,Petersonmouth,InActive
f334ede7-953e-4d17-ab79-84891c0b1afc,Kevin Walters,517.631.7845x8966,West Staceyside,Blacklisted
cecfc239-db3c-49d6-bf39-52e5e2c47846,Christopher Nguyen,+1-876-220-6337x800,Maldonadochester,Active
1bc59b60-f45c-46fa-9d30-942d80462d7a,Alisha Gonzalez,(709)331-8469,Ruizborough,Blacklisted
e09ad2f7-98a1-4560-a3f3-0b9834791d71,Bethany Joseph,001-883-965-2685x1865,Amychester,Blacklisted
3ab73cfd-fd9f-49a5-8546-f3b7aa3711c8,James Kelly,2109328844,Port Jenniferchester,InActive
7be5cc81-d2d1-4558-8571-997714ec17e8,Steven Martin,871-964-2156,West Scottchester,InActive
8e7c0529-d770-492f-ae7d-61ba1e44a7a8,Edward Burns,(848)853-5389,Matthewland,Blacklisted
6acd0a70-996a-45ee-8e6d-a9eed0bf71ab,Carmen Hunt,931.786.7369,West Patricia,Active
d27d6541-9f6a-468a-ae7e-b7c8ebd2fd4f,Amber Jacobs,(669)286-3060x11670,Lake Graceland,Blacklisted
74317ff1-8d8e-4226-a086-a1321d3fba00,Matthew Rivera,001-575-847-6967x9653,Justinland,Blacklisted
d09454aa-ab90-4890-a2f4-cc36aeb51b88,Leon Watson,5459317354,New Amanda,Active
29aed339-2804-4bf3-ba83-124536fc48ca,Crystal Zuniga,+1-506-796-5820x9241,Lake Michaelland,InActive
b22b9f96-0625-498a-90d8-6fb97ae4eb8e,Earl Mclaughlin,(311)874-2910x051,East Catherine,Blacklisted
7eeca16a-dbad-44f2-a084-1ceaed8c6c7e,Mr. Timothy Miller Jr.,9057195744,North Traceybury,Blacklisted
982c82a0-2f7a-4a49-8bda-27e3761930b7,Joseph Bradford,392-641-2540,New Katherinehaven,Active
5805472d-aa7c-46da-bea8-11eb0fac1e2a,Jacob Arnold,+1-491-612-6347,North Nicholas,Active
4bcc335a-5b35-43c5-a5d8-8c00b02ddf2d,Brian Suarez,999-437-2047,New Shannon,Blacklisted
e4ab43ec-3452-4761-9ace-7b860cc38d73,Robert Beck,(216)668-7359x376,South Erikastad,Active
223d3aab-f3c1-4094-9c44-671a58aa0b1b,Ryan Fields,(437)919-5353x9797,Tuckerbury,Blacklisted
6ddd15e9-7cc0-40ba-8083-7486a8122af5,Madeline Scott,485-802-7173x80887,South Bruceton,Active
7d6a8efd-b865-441f-a5e6-5ded5b700195,Ryan Green,887-373-6649x606,Lake Kyleview,InActive
ef13dfc3-bb81-4412-85a3-309f41254ec8,Gina Baldwin,315.796.5495,Johnsontown,Blacklisted
1d9aaa82-02d0-452f-9674-1fa5451f66e7,Jared Evans,+1-636-519-6529,Port Samanthabury,Blacklisted
ef85ff9d-b1fa-4c66-a679-98e2a3ca1049,Kenneth Stuart,886-868-4989,Christopherburgh,Active
b76bcd91-fa92-4d97-ab2b-b9c5da1be427,Thomas Robinson,647-952-3197,Williamshaven,Active
844f28dd-e0e2-49ec-a692-4edfeeddff88,Mr. Bryce Ortiz,706.967.6060x404,New Josephburgh,Blacklisted
8ac541bc-8afd-4dc2-ae07-d9395b6d228f,Mary Rodriguez,714.481.4342x7171,Jeanside,Active
19201b10-a5c1-45bf-9cfe-b12703458dcb,Deborah Rogers,+1-903-539-2665x46847,Lake Thomas,Active
729da737-91e6-477b-a1a7-fa9ae484c2cb,Lorraine Murphy,715.985.1236x868,North Susanstad,Blacklisted
2c5d89a9-8671-4453-b425-64bfd6aa57fe,Brittany Ferguson,001-586-204-8634x779,Santanaton,Blacklisted
7ae3764a-d177-4f23-ac9f-c45e46d769c8,Vanessa Ryan,(691)226-2141x0477,Nguyenhaven,InActive
350ac5a7-0511-452d-8117-65135cbd318d,Heather Davenport,001-654-306-5919x75427,Amberbury,InActive
d36b2a73-44e7-4df5-a612-b060ab1f8212,John Keller,+1-547-829-3030x557,Brianfort,InActive
4b6b5d6a-e5f7-4777-babc-cbc2d519d296,Jasmine Johnson,833.568.4287x51404,North Leslie,Active
c9e2667a-548c-4eeb-b7ac-0c01406dcfde,Michael Richardson,7415875979,Lake Christopher,Blacklisted
53fe49b3-a731-419d-9531-9e4d12f3a53c,Jeffrey Mills,001-748-903-6165x872,East Alanton,InActive
43f9a23b-cc37-4fd8-a145-42e40459b724,Sharon Robinson,970.552.4919x6778,South Jennifer,Active
e95233e2-879f-4236-9e36-c55bfdfc0369,Yolanda King,693.849.9449x288,Carlosstad,Active
b8da23e6-74c8-4e41-b611-27f479424910,Karen Kidd,437.420.4170x0225,Theresatown,Blacklisted
8eeaf234-0292-4312-8dac-0a135586682a,Tamara Tran,921-226-0216x5125,Kempborough,InActive
7d961b0f-03c0-4235-a51e-f0f8dce4eb4c,Mikayla Brown,+1-616-839-7108x730,South Dillon,Active
03abe1a7-3444-4805-ac54-e308beb389c0,Marilyn Ali,(237)201-4769x553,Roberttown,InActive
38fee828-2419-493f-b58a-6cd5d00f24de,Michael Perez,489.553.3686x71515,Mercerview,InActive
ac424897-e492-457e-8e52-cb5d4df49897,Kelly Austin,803.817.5409,Amberfort,Blacklisted
ebdc1e70-d9d4-419b-84d3-64bd388ccc4e,Mark Gonzales,916.912.1469x1317,Wandabury,Blacklisted
cf973f98-553f-49a6-ab35-b4fc43458909,Devon Peterson,001-482-424-2840x3748,New Allison,InActive
4c7b1b1c-a463-4413-ac8f-65f0551cc660,Lisa Allen,001-503-295-3063x98154,Jenniferview,Active
6cc8b6e5-ebe9-4881-bdd7-fb38d12888a3,Roy Young,890-248-5462x86884,Kellyfurt,Blacklisted
d78efc0f-be56-45f8-be91-ccf91bec5b96,Sean Grant,+1-536-489-4595x14643,North Jamesborough,Active
44bd6760-4574-4249-8aeb-f9844a6de719,Cindy Schwartz,(244)808-2871,Meghanchester,Blacklisted
7341324a-912b-4554-a5f4-60e21289ea3d,Amy Strong,001-859-530-8563,North Williamtown,InActive
6b630104-b3ba-4e0b-ad8f-d3d4139d9dca,Robert Lopez,001-308-528-5856x55745,Darleneberg,Active
422394da-01c4-4a46-843a-c0aac43bf87f,Nicholas Lucas,(733)967-8736,Natashashire,Active
34b0f919-74b4-43e4-a921-7746aadca9e2,Jessica Brooks,427-744-7028x20308,Port Kristen,Active
54fec564-8b3f-44af-aef7-c45e48b5f05f,Mrs. Heather Flores,864.313.0365x626,West Darrenfurt,InActive
860fa249-2724-496e-ad7c-761315d30e10,Christy Davis,646.549.9148,Audreyhaven,InActive
5794b58d-7db0-4d9b-b09d-94381deb505a,Holly Gonzalez,6455048830,Port Andrew,Active
fa9c7829-040f-447f-922b-ffbf4aac2931,Sheila Morrison,935-412-1972x92834,North Rachelmouth,Blacklisted
2dfc8131-fce9-41fb-b6d4-b9bbc8d2129d,Pamela Hill,(503)833-1664,North Leroy,InActive
9889657e-8f85-4449-9274-ec42cb1ef5a9,Tonya Wade,525.752.1072x4416,Millsshire,InActive
e4b26cc9-617c-4d86-9e92-1b173061b64e,Andrew Garcia,616.832.9119x680,North Toni,Active
11e06751-8a1c-4a48-ad61-99368d5d65c8,Stacy Mcintosh,666-833-6627,New Michael,InActive
6ffc3d96-cf55-4b94-907c-a26e8d37b146,Sabrina Wood,730-680-4357,South Tracie,Active
b23df05f-57c6-45e8-9c33-73d4fb8354f2,Christopher Buck,843-682-9546,Michaelmouth,Active
b1c4b256-7cdd-4c5f-9214-57fbb0e5498c,Cynthia Sanders,(756)408-9703,Port Matthewhaven,Active
0a451f2f-a979-4625-a072-6fe7e61a6955,Kyle Gill,260.802.2084,West David,Blacklisted
f79a8ea0-1c24-489b-bb66-6b6d8245648d,Nicholas Jensen,+1-658-472-4841x311,Lake Linda,Blacklisted
7bd6c44f-b516-40dc-8dca-a362b299d559,Andrea Davis,(292)794-8380,Morrisfurt,Blacklisted
aafc30d9-bcf6-4760-bd7c-2970e60b3916,Philip Price,616-276-6357x045,Garrettville,Active
53ca5cf9-0051-4d5b-b00c-7c144abac142,Andrew Hayden,735.676.3546x533,Lake Susanshire,Blacklisted
1a7eee6d-9c7e-4e9b-b92a-bd277efbbd5d,Robert Clark,8594122266,New Bethanymouth,Active
5ec76ccf-2802-481b-a609-9c73217cad16,Claire Gardner,665-598-9184x9865,Eatonton,Active
d77fc40c-b9d0-4341-86ab-804b0814c810,Jose Patterson,+1-241-983-9648x7468,Bernardfurt,Active
56eed4c6-405b-41d9-9596-1e494fbb43e8,Angela Fuentes,548.501.4919x15081,Hernandezland,Active
30295b8b-0a1f-4d2d-a937-ca0753e84a5e,James Howard,(539)899-9922x87918,Lake Jamestown,Active
432c9439-1adb-4129-bafc-d992e5026aad,Candace Erickson,001-946-766-1067,Christinachester,Active
4774d7ed-ce77-4189-9d96-e6c11e14c927,Isabel Hunt,(565)465-3804x31814,Port Tara,Active
c4d89007-8030-4afb-add4-516b72a3ebc7,Vincent Macdonald,827.292.2378x8949,Lake Sarahville,InActive
9fae784f-a906-4422-bd8a-066a6dd14b3f,Sandra Mccarthy,(934)403-7112,Port Michelle,Active
4a003606-beaf-4897-9c46-cf551d6ad42a,Cheyenne Skinner,+1-456-583-2647x278,Jimenezhaven,InActive
254c31e1-c8f8-4768-b3fd-fd29685aff5f,Kaitlin Becker,001-545-271-9350x445,Lake Candace,InActive
8521d505-27a7-45f6-9464-0cedfbb404f3,Gabriela Richardson,001-477-578-4498x5952,Michaelmouth,Blacklisted
1a8b43b1-ec59-4895-9b1e-983e21b112fd,Joseph Nguyen,+1-607-907-0896x658,West Jesse,InActive
16e3e499-4354-4592-adab-022a907ea64f,James Delgado,001-637-838-3310,Lake Susanbury,InActive
5a4122f2-3f23-41d0-b505-3a204cfe5fdf,Julia Luna,(520)719-6242x610,West David,Blacklisted
bb1c4063-4acf-4002-8284-8de047a9cc2d,James Leon,001-586-782-0283x214,West Karen,Active
8dd7bf67-fb47-42b1-8786-8ed8ccf89a74,Samantha Cohen,(836)927-9940,New Patricia,Blacklisted
7c60319d-0260-49e9-83be-ffbae9c3b831,Wesley Turner,247.242.1962x4994,South Steven,InActive
1d33107b-3e6d-4e72-81df-938638b0cac0,Priscilla Smith DVM,272-271-6412x03769,East Abigail,Active
8f13c797-2a4e-42ea-ac11-3da437f45d25,Ryan Lester,8105302190,Port Alejandra,Active
ba10a7f3-7fad-4120-b67d-6cef6c8408f3,Kathleen Fernandez,+1-316-631-1771x901,New Tiffany,Blacklisted
1f3b4e2b-504e-43f9-a2f1-1d6b64c02a82,Wayne Harrison,224-320-0225x300,Richardshaven,Active
1be072f7-06a5-4acc-b66d-bac370b430ec,Nathaniel Williams,001-660-519-9161,Kathrynview,InActive
19e3f14e-e6c3-41e3-995c-5f3185bab9e3,Eric Garcia,(848)707-1848,Michelebury,Active
7f06320d-4cf3-456a-bdbf-4d175a561607,Luke Coleman,953-536-8803x7664,North Bryan,Active
ebcf0c5d-dbc0-4cae-9c59-9b6cb74557bb,John Johnson,(674)493-4756,South Alfredtown,Active
576ce923-329c-4a45-b4c5-e78d069882f0,Nicholas Calhoun,+1-543-696-2056x457,South Michellehaven,Blacklisted
3525e090-dcbf-488c-acc7-1034d7eea782,Dr. Adam Lopez,+1-729-432-6187,East Matthewmouth,Active
97408d21-b2e2-4d5a-80d9-a3fdf41e1628,Francisco Davis,+1-919-357-3820x465,New Danaberg,Active
3cdc1c63-4cee-4201-9c04-6363b83f91e6,Cheryl Landry,643.952.0480x74378,Christopherville,InActive
e2fdd902-2b5e-4ddd-b1ac-50b40d3f5890,Danielle Foster,(877)385-7715x00829,Anthonyfort,Active
2279083e-b82e-4ee0-af16-5387291dd765,Tony Gallegos,(257)747-1244,Lake Tabithabury,Blacklisted
d4118126-5e18-44c8-9900-80ca8b83b46a,Shelly Hardin,001-989-733-2322x621,Grayside,InActive
9c94c57a-a28a-4d54-a843-c8567405f636,Robert Rice,5632088050,Lake Daniel,InActive
ccd199fc-8e47-4507-b74e-efaa2d0396a5,Andrew Kelly,939.823.5733x5635,East Nancyfort,Blacklisted
f514b540-db0b-4f6b-beee-55c3c52e05db,Joshua Bullock,641-252-8807,Richardsonborough,Blacklisted
42d51465-98c2-4da7-9164-ebf8d24cf925,Amber Johnson,415.733.7682x2611,Lake Janiceside,InActive
93a6e5a0-eca8-4cde-8b56-bf4b32cd448e,Victoria Thomas,777.717.1551x9753,North Annland,InActive
f38546ac-6801-4441-b9de-db77b11f2256,Lisa Dominguez,766-305-8042,North Summer,InActive
a65268ec-d5df-4560-8ff8-adca985c4d49,Brittany Martinez,(407)684-8912,Bruceport,InActive
4e85b433-a23c-4231-becd-298c121dda7f,Sheila Pena,001-855-964-3927x411,East Johnview,InActive
d250801a-c594-4134-a80c-c8e57bf7316a,Antonio Wagner,+1-881-561-8744x998,South Alfred,Blacklisted
595707bd-adf2-48bf-8e9c-bce7007dc4a4,Denise Briggs,(605)834-1213,Marthatown,Blacklisted
e9b651aa-752c-4b79-9ef2-bf2680c4c0ac,Cheryl Thornton,(871)726-9967x211,New Janetland,Active
90ae6d6a-599e-4080-a282-3a308694428a,Robin Patterson,964.620.7112x885,Davisfurt,Active
1a4b792d-206c-46da-968c-016a30487796,Joshua Hess,326.956.3926x4765,New Rickeyshire,Active
5e16ccfa-f648-4091-b7bb-79c1f94403d8,Stephanie Calderon,885-572-7931x939,Port Joseph,Active
c287cb20-f658-4969-a362-ef25a175e297,Sarah Mason,6115653508,Justintown,Blacklisted
74e3e21b-f5ac-4750-8bf2-72bb0fac50e4,David Mcfarland,(477)504-3595,West Juliatown,Active
001b8f8a-0030-45c8-a552-831822bf2a41,Joseph Robinson,(937)452-2438x37004,Allenburgh,Active
ac9d2aa4-e7a3-4609-8ac6-a4e9df110944,Erika Bautista,654-495-9945x9923,Mariaport,InActive
786878ac-e8ad-4182-b07c-a7c7f34ff29c,Kimberly Bell,7683913470,Port Sharonmouth,Blacklisted
22ec33dc-3d23-427e-a2ed-c38961b6891f,Joshua Simpson,+1-544-391-4562x5011,North Samantha,Blacklisted
b044c51a-10ba-43c0-a4a4-31fd9b3906cb,Lisa Case,(715)342-5170,Barkerville,Blacklisted
379329e8-04c7-45d7-b373-9ea61de70fcd,Alexis Cohen,444-325-2567x3573,Lake Steven,InActive
468b3bfc-8520-483f-b355-78d5151455a7,Caitlin Pittman,(603)633-7534x937,East Patricialand,Active
f4e9e407-c02e-4674-b981-a69f6198634c,Ashley Soto,(773)517-3591x385,Robinsonborough,Blacklisted
10586aa5-c14d-4095-b323-6f9c438dbce3,Cassandra Gaines,001-238-227-8532,South Andrewstad,Blacklisted
cdd6104d-5516-4619-9286-8db1b34e5912,Jean Gilmore,(313)808-3441x524,Jennifermouth,Blacklisted
ef1d69ba-e24a-462e-87e8-f0c67efa9f8b,Wayne Zhang,922.804.1449x148,Port Yvonnemouth,Active
2f1181c8-ab48-454c-a3ab-afdaef8e81fa,Michael Solis,(768)205-0872x4445,Amberport,InActive
7f64f715-006c-4c9e-a8dd-2a63d22b548d,Jennifer Melendez,(830)337-5175x8542,Larsonbury,InActive
3d7f830d-82d1-4662-a2a4-0d602c8ec75a,Allison Jones,807.909.2798,New Travis,InActive
e37a663f-6c92-438d-aa67-2612d2a8d02a,Tracy Robbins,(715)268-9739x2833,Elizabethfort,InActive
166c3d9b-e25d-4ec0-a30a-243a0016aef6,Jennifer Black,290-312-4553,North Gary,Active
ad254278-e6f9-4684-b219-4204452ed340,Paul Herring,001-320-660-3369x6285,Leonfort,Blacklisted
25dd6eb4-404b-4056-85db-e060d7d55eac,Sierra Johnson,(767)912-4013x0051,Gaymouth,Active
ec1599ca-72ee-471b-81f3-1756e310d680,Gary Foster,765.766.2135,Nicholsonside,Active
5cbbd1fd-69b3-4192-944c-d1ebfa72bd71,Warren Chan,3788360523,Stevenview,InActive
32050846-2b58-4971-af06-4b2467b4589a,Christian Hanna,+1-924-952-2843x85120,Dorisfort,Active
cc1aebef-10e5-4c07-b027-6e189ee2b085,Nicole Gutierrez,(320)939-5645x64769,Millerchester,Blacklisted
9056a099-b35a-4287-82b6-484989c20b66,James Williams Jr.,743-559-4940x75665,Lake Deborahborough,InActive
00d89950-1c32-49c7-8373-b9a51109cac0,Erin Ward,+1-640-549-0044,Lindaton,Blacklisted
6fc8124f-e6df-4df3-8165-7eed94899c44,Benjamin Park,+1-237-717-4454x10828,Cherylfurt,Blacklisted
4699b6d2-edbb-42d9-a5e7-38169865f94f,Thomas Allen,259.601.4915x421,New Wendyborough,InActive
d8e2eaa4-16ec-4b8a-8092-a5b6f662e9da,Michael Smith,001-484-617-7440x3144,Davisberg,Blacklisted
48a97707-9b8b-423b-bed8-7f13636f8763,Pamela Rocha,900-445-9580x23656,East Roberthaven,Blacklisted
782acd73-3f1c-406d-85f6-e490b19cd277,Lindsey Clark,932-249-5906x5561,Courtneyburgh,InActive
ad5d28ba-26d4-4299-8f6e-94bae481609d,Thomas Day,797-589-2405,Tonyaland,Active
71949525-a41c-4e7a-89d9-e43d961ed002,Patrick Burke,268-321-8403x586,South Cristian,Active
04fabd69-1813-4b77-bafc-6bcc02ecaed6,Jodi Carter,+1-780-388-9771x6182,New Sean,InActive
2b051786-d947-48d8-b2cb-cd541364fa0f,Rebecca Bennett,(976)828-8157x38889,East Ronnie,Active
66f32060-7a1e-4fbc-b3d8-5b9867ce39e1,John Brown,5276343958,Fisherport,InActive
6057d390-3639-4224-9e90-c6b9cee654c4,Erin Acevedo,3574057850,Lake Brandonmouth,Blacklisted
f60d8a0f-6900-4ff0-914d-159d4e97e80a,Michael Wolf,001-357-379-4943x8270,Bradleyton,Active
205b8731-fc0d-420b-a972-89548cb6e2ea,Lori Brown,(663)899-1339,West Maryfort,InActive
48c5547b-1d38-4627-bc13-53254aa5e6c3,Thomas Jordan,(578)207-7310x59348,South Mark,Active
bff99df3-b474-4db7-b816-ec97a7b757ec,Martin Navarro,346.586.5359x6323,West Billy,Blacklisted
684f9d32-928a-4eac-9273-ae306ce5ee41,Maria Lambert,5264933410,Lake Matthew,InActive
dc453784-ae32-40e0-80d9-1c8e61072ad8,Kayla Choi,(613)325-0927x72668,Annfurt,Blacklisted
78001cb9-a3eb-4198-9965-67238f198660,Kelly Berry,(620)711-7985,West Paula,Active
62a68357-e361-434c-926a-9714d44ac800,Amanda Harris,+1-989-871-5218x9342,West Angela,InActive
02c4bd08-eaf8-4d05-ba5b-ccc7c8b719ec,Rick Dunlap,410-229-8067x48037,South Edwin,Active
35cc89ad-a8e2-443c-b4ee-530ead9f4bff,Brandon Thomas,+1-758-622-4544x5609,West Jeffrey,InActive
847cdc00-dd33-4a72-ad77-8ad0f399b357,Christian Andersen,(991)514-0477,South Jesse,InActive
ea6756e5-cc40-4bce-be77-2bcebe25ddfb,Isaiah Jordan,+1-796-563-9353x1871,North Ericville,Blacklisted
b5022e9a-1c08-40b8-99c1-905d306aa492,Crystal Santos,933-465-4049x29373,Timothyland,InActive
f9e3ce7d-b8ad-4385-be7d-c0d72c79e057,Alexis Matthews,712-480-1450,Abigailstad,Active
93a980ea-b742-45c3-b9d0-acffe573e553,Katherine Williams,(813)669-1572x4775,Franciscofurt,InActive
98d0b787-cac3-4cec-b031-c403720385ef,Carlos Velasquez,416.306.6432x389,Ericmouth,InActive
372d6792-1deb-40bf-a9e7-0e644cd6f3e2,Kayla Hayes,001-217-698-2194,Youngfurt,Blacklisted
d39e547b-75e5-4351-aadd-c0ed6972101b,Tabitha Warren,+1-893-426-5994x0648,New Neilborough,Active
d1355c57-a311-4cb6-bc62-911eedc8dbf1,Sharon Horne,(754)773-9823x8188,North Joseburgh,Active
a7b911d2-e1b4-45ce-8f3a-86ce8c6b769f,Dillon Walter,(279)263-0981,New Maryhaven,Active
740425f5-6b33-411e-9676-f04d29d47bef,Michael Smith,251.626.8078x699,Mossville,InActive
187e5406-e6b5-4b81-a5a2-6e9af00328fb,Carolyn Brown,(419)890-1398,North Mark,InActive
0d945a4c-db8d-4a63-88e5-c284d61990a8,Linda Scott,(943)881-6155x432,Port Claire,Blacklisted
3f78d25b-768c-425c-875b-c25cd4b25368,Douglas Singh DVM,542-433-1710,East Elizabeth,InActive
bfc9addd-5a8e-4c2b-bed2-3b8fb515b0e2,Michael Stephens,+1-525-487-1550x3173,West Jennifermouth,Blacklisted
bd5aafc3-27f3-40b4-93f2-e925057a111a,Kelly Frey,298.383.3104x537,Jamestown,Blacklisted
3e9b01a0-d041-404e-8aef-46d5b32e7b7c,Debbie Owens,001-474-975-3579x73026,Terrytown,Blacklisted
2f1bcf89-71fb-4779-baca-80c1db7c5534,Sara Bass,510.819.5868x37253,West Elizabethview,Blacklisted
f55945dd-fa83-4c30-89aa-b7d346c26a21,Kyle Ford,292-460-9608x42269,Cindyview,Blacklisted
fcc0e5f4-9570-4485-810d-0205d947ad69,Sherri Jordan,(827)603-7626,Port Tina,InActive
1ec773fd-9394-467d-b128-4108729a70b8,Carl Jones,967.697.4530x906,Terryborough,Blacklisted
551551af-4eb3-424c-bb18-b3990261c25e,Emily Morris,369-353-3476,Christineton,Blacklisted
5d82b1ab-2179-4416-b4a4-412d1e2198f5,Jennifer Santana,+1-795-946-8066x203,Grimesborough,Active
64ad0aa7-21ff-462c-a446-23f3d04b406b,Christopher Ramos,651-727-1008,Lisaberg,Active
7ee16db4-cb15-41d6-98fd-51a1061903ee,David Malone,331.388.6969,New Shannon,Blacklisted
2b2dacb3-00a3-44d1-ba62-d67c54f2976a,Mary Schneider,+1-391-277-2786x18673,Lake Melissafort,Active
00d40438-5bf3-4f1b-aaa9-32130a7cd681,Alyssa Howe,(344)681-2421,Reedside,Active
bfcf647c-c46b-467c-925c-44aba021e6c9,Gabriel Chan,841-348-1407x948,Floresview,Active
5d5e1a1b-885c-4462-98cb-237cc353679e,Julie Blankenship,(449)719-8385x941,Hernandezborough,Blacklisted
38d08fa2-bdc6-4df7-bf69-1a5e5dd6739d,John Schwartz,534-604-7809,West Jason,Blacklisted
fee8f537-dcce-49c4-ba71-6781792656d7,Sydney Little,840.998.2836,Petersfort,InActive
c0e87dbd-bccc-48e3-9604-9aeb6d8f2294,Benjamin Wilson,527.439.5714x66114,Matthewmouth,InActive
55e71c93-fb3b-42b7-b4ee-97cf2b48b67b,Samantha Stephens,819-430-2870x7863,Yangfurt,Blacklisted
339e391e-5ac5-4851-9ffc-438fda963da7,Brenda Brown,844.722.7211x53492,South Brendaton,Blacklisted
75d56e58-b2e0-477f-95ea-e97c69a3df3c,Tiffany Arellano,(462)904-2297x596,Mcdowellbury,InActive
f73d47bf-5a24-45ce-815c-a94e4824614d,Amanda Gutierrez,716.942.0125,Ronaldland,Active
06e339fe-b449-4e14-9d99-54fd856414c5,Frank White,7609581370,Erinland,InActive
b7d22ead-508d-432b-bb6f-d45f6f67987e,Michael Hernandez,547-572-8189,Patrickborough,InActive
f3032141-7531-4031-aba3-01de72ddc438,Robert Mack,001-431-661-9791x7378,South Travisshire,InActive
f5db6dfa-9053-446e-916a-b2461ea9b49a,Dale Caldwell,248.408.1292x68119,East Deanna,Blacklisted
3a14b70c-ec32-4cd8-9997-3575012749f2,Elijah Santos,356.620.7232x91830,Marquezbury,InActive
77ce1fc8-1038-488e-a0bd-658ba4dd9772,William Wilson DDS,+1-494-991-0832x4678,Timothychester,InActive
b467d22c-d62b-45fa-8eda-2f25efdbeb50,Lisa Chambers,428.472.0348,Davidborough,Active
2571f8eb-edfd-408e-9db4-f97cb957ccf4,Joyce Harvey,(310)512-2206x5132,Sarastad,InActive
c2bcee5b-78c0-4f28-b815-0277acb6458c,Virginia Kelly,+1-201-386-3341x86572,Andersenbury,Blacklisted
ebcd76eb-b3f7-4171-ac92-baacfc2cf050,Steven Harrison,817.772.7485x533,North Ashley,Active
61e868c4-d6dd-4c72-9bde-1e26e62f3f46,Nicholas Ross,(785)809-9459,Patriciahaven,InActive
64c97c0a-a54a-4a3a-9242-83481862ac2f,Justin Novak,+1-862-678-9505,Port Ryan,Active
df9366b5-eab5-447e-8e29-40e589844365,Jose Giles,9258711922,Kathleenland,Blacklisted
15e03ec6-687f-4004-b166-62aedaaf4ae3,Christine Malone,216-580-3605x7125,Sanchezstad,Blacklisted
6f926c93-c26f-49c6-b680-8875fe6b9678,Victoria Hernandez,+1-761-658-9499,Marshstad,Blacklisted
e9c32e7d-b662-416c-9875-288f3f6524ba,Amanda Hunt,+1-725-271-9058x0189,Port Katelynmouth,InActive
342af3b3-399f-4833-a215-1c813d06144d,Justin Hogan,(338)369-2417x80579,East Heather,Blacklisted
ac9757a9-4db9-4453-89f2-bc645efa76e3,Matthew Jensen,001-344-937-8797,Gibsonburgh,InActive
02330f3a-f0ff-48b8-93a2-708dac55911c,John Nguyen,2946243364,Knighttown,Active
fa3fe47d-08fe-4249-b6fd-7796930ab092,Jessica Bolton,772.689.2536,Jamesport,InActive
9202455f-24b8-4a18-a7da-f13616690be8,Brenda Hill,+1-814-338-2708x90707,Brandonland,Blacklisted
fce9c2c0-aa0c-4455-8047-7e1f5271add2,Charles Garcia,(398)619-1551x1031,South Theresaborough,Blacklisted
d55faa93-22c3-44e1-99a8-751c6d638408,Michele Martin,446.367.0934x94865,West Jodiside,Active
5e136fe0-f459-41db-ba9d-c2800e5c4b8c,Jamie Gill,(458)724-1086x186,East Monica,Active
fbd1eb11-b173-4e65-9113-9d6a25aa2fc7,Brittany Rodgers,936.820.2195,Port Louisview,Active
ceb266ed-2a0b-44af-9e78-ef8de6809504,Tammy Williamson,001-359-547-8423x318,Danielleberg,Blacklisted
e94895d7-3098-4d9c-ac01-4b6b41f34c22,Rachel Owens,+1-982-226-1981,Garciamouth,Active
08277657-d455-431d-90f5-69b3ed2d0b0b,Susan Patel,6692672488,West Anna,InActive
4cba6616-f55f-40da-8d02-94f613c48d5a,John Fox,001-322-667-4436,Daymouth,Active
76523919-da7a-4586-88c0-60564d7b98c9,Henry Griffin,732-670-9679x443,North Joshuachester,Blacklisted
266f5e5f-c42f-4027-8222-6c8a673a98e3,Mark Garcia,(901)337-6123,Port Scottbury,Blacklisted
d907c8ce-5923-4e73-8fb1-ae1be93880af,Kelly Horton,408.521.6909,Gomezhaven,InActive
630091fb-218d-45eb-bbfe-68f018d7ceef,Natalie Hays,2504723138,Smithmouth,Active
d552b235-7392-4e0a-992d-1a21adcc5831,Sandra Ortiz,5205133320,Kellishire,Active
3cc92cb4-fde6-4caa-b98c-d0221bd4eb66,Paul Luna,001-769-724-2655x65083,South Julie,Blacklisted
2d6f0060-e7b7-4dd4-9ab9-b0c672b2b486,Alison Harrison,9716788355,New Angel,InActive
eab8ce3b-e76e-4032-8022-d2a5a4a963d1,Jennifer Sparks,4192868995,Port Alexandra,Blacklisted
080ab371-fbe1-432e-a5e8-8ab536b11837,Debbie Wilson,204.327.2281,South Jasonchester,InActive
c8bdccf2-232b-4a92-ac8c-d32e59143a44,Olivia Stevens,(309)952-4041,South Robert,Active
c1e8310b-045e-40c1-b0ab-69da191b4fb7,Tina Osborn,4064733629,Port John,Blacklisted
6b5958e4-25d2-4cd9-8f4f-edc77e3d43b4,Hailey Guzman,(542)457-8566x795,New Michaelville,Active
ac6c79a8-f382-43ce-8b22-3c02b52abbb5,Eric Reid,001-623-313-6305x2867,East Andrew,Active
75a4a7de-86cc-4a80-a488-6e243a80921c,Luis Hensley,727.620.2794x0848,Gonzalezbury,Blacklisted
8f4f1243-1325-48f3-b8cc-710d52f1440f,Michael Quinn,576.669.5529,Grahamview,Active
65a1c497-ab2b-4005-8de0-49a0c176da9d,Renee Gill,+1-672-762-4464,South Dennischester,Active
da665564-7350-414e-84ac-e7a88a978e9e,Daniel Parks,(373)392-1444x9350,Port Robert,Blacklisted
6980c76e-7e13-4cb5-8a53-2b0656f6b294,Darren Robinson,+1-853-976-9187x88838,Robynmouth,Active
b2f97f38-b2b6-45b2-92e1-fa044c4a2ea4,Seth Hester,747.535.2568,West Natalie,Active
548deec1-a84c-48c0-9dcb-fac8861e4cd7,Brenda Phillips,+1-578-414-3065x916,West Stephaniechester,InActive
3cf54daf-4ec4-46a1-8d32-e4818aabab14,Jessica Townsend,373.253.6541x477,Davenportberg,InActive
55baa4ed-be68-4e18-86d6-5d308e634c25,Tracey Maxwell,6362762194,Jacksonfort,Blacklisted
e889e2ca-a0fd-4538-80b4-baf594702f00,Aaron Jones,903-555-9630x47491,East Jenniferville,InActive
4f52fc47-da50-4dd2-9176-7a45a7d03bd2,Rhonda Williams,770-299-8268,Duartebury,Active
3b4e463a-a0c6-4c52-8a39-2ce2c36f3475,Raymond Acevedo,226.691.6628x052,Chenmouth,Blacklisted
b6e9686b-49bd-4e12-afdb-2036b36d40a3,Courtney Patrick,813-371-7229,Castillomouth,InActive
5b3320ae-f80b-4eb6-86f5-1f757b70586d,Justin Patel,+1-608-682-5911x233,Nancyshire,InActive
4b5712e7-3385-412c-9093-0fc8fcc9247e,Jacob Walsh,6808594492,Wallacetown,Blacklisted
a43e72c9-7bc6-47af-949b-aa4fbbe9d618,Christopher Foley,254.236.6866x75379,Lake Melissa,Blacklisted
c6e9d066-26c6-4e6e-b91c-02153fcd1a75,Christopher Hamilton,+1-325-809-1480x409,Charlesborough,Blacklisted
25b233e6-59f7-463a-9fc6-19a60a4d8c1d,John Dawson,(530)345-5508x240,New Carolchester,Active
f5254b87-558e-40c4-98a3-94a26e67bace,Michael Barker,857-501-2641x83254,Nelsonland,Active
609b4772-4995-438f-8381-b3396ff4288f,Kevin Campbell,+1-439-237-8567x83639,Smithmouth,InActive
ff878edc-47e7-4b39-a24f-9bd26f936cfe,Thomas Roberts,484.861.3126x8564,Coxside,Blacklisted
cfdd46a2-57f1-43b5-90a1-59ce86b4bc5b,Daniel Lee,897-282-3129,East Melissaport,InActive
c4107f1d-8928-44ac-9331-7c474ead1c89,Kara Maldonado,535-390-2822,Murphychester,Blacklisted
8ec95a75-9762-4895-a76d-080e3c4c2a88,Mary Saunders,497-429-4424,New Hollymouth,InActive
1971a3f1-b6f6-4731-bce2-6d1eaff6737f,Charles Scott,001-630-821-0104x079,Port Thomas,InActive
89a14115-d1cc-4778-83b4-853f45d07caf,Michael Thompson,+1-995-281-5590x599,Lake Robert,InActive
e8975e2c-dd9c-47db-a131-023429df2147,Anna Torres,964-471-6442x6171,New Lisa,InActive
914f1a14-a7a2-407a-966e-7820fde9d435,Mark Anderson,2176358799,Sharonburgh,Blacklisted
a0ec1667-0aaf-4949-9b4a-22ddec2687c2,Sara Arnold,(567)390-9645,Angelabury,InActive
3ace12f3-ad31-4743-837b-7cf1d97c5990,Laura Evans,(714)353-1655,Port Bradleyberg,Active
974ed905-7a8e-40c2-a3bf-614e9e122a72,Billy White,9913099980,Port Dominique,Active
67ca8466-2b26-4623-bb6c-da5ec15ae958,Stephanie Kelley,+1-920-541-4648x3471,Millsmouth,Active
c53668c1-b9bc-44ce-ad30-3df3a70e698c,Natalie Barber,(926)916-7878x6333,Sullivanside,Active
9910ae9d-2e5b-4122-bc89-17508bb4fa43,Thomas Lewis,001-639-319-3668x0580,Port Kimberlymouth,Blacklisted
36893e26-72b2-4ce8-aaaa-f7517cac6a36,Destiny Parker,+1-572-581-1198x33671,East Andrewland,Active
0fddfb3c-b6ff-4bf4-8097-31242bb2f899,Cindy White,001-571-851-1561x67056,Cynthiafurt,Active
ecc30911-48cd-4405-8226-0ca69543426c,Diana Rose,001-332-402-3089x7479,Monroeview,InActive
9d88d72f-dc73-4a20-9371-6c6d1f3b3c17,Audrey Dorsey,+1-717-542-5103x9145,Coltonside,Blacklisted
a28d1032-b7c7-4e3b-a180-25bdf2cc4445,David Miranda,453.520.6846x90847,East Jacob,Active
5b16d4d2-c875-42ec-bc53-c31ad8ff7631,David Nelson,001-749-791-0677x0744,Lawrencefort,Blacklisted
44d4fd0f-41f7-4d08-829d-208f8437d6de,Matthew Weaver,(874)969-3068,Gomezfurt,Blacklisted
e8bfdb91-532b-4f6c-ab7b-8da0d26319e8,Ashley Blake,+1-617-462-5346x00642,Reyesmouth,Active
c17800ef-8fde-4dd5-af50-eb6de802f5f8,Mr. Stephen Lopez,9437383596,South Alejandrotown,Blacklisted
9000876e-5394-4d09-a29c-4cff10eddba9,Dave Stein,926.530.2840x0750,Brucetown,InActive
1e4c9cc1-64a5-4944-84fa-6b75c1a54f6c,Dalton Tyler,(509)386-1903x78481,East Rachael,InActive
466644e0-c8f7-4ab4-93b8-1238860c9eb0,Gary Maxwell,+1-503-314-8923x91169,Albertview,Active
8d6f2aaa-f6c9-411a-8ad9-0cf4a9b785c0,Emily Chandler,922-585-8489,Lake Danielhaven,Active
61f49762-f673-47ac-90cc-1ef4f5bfc06a,Angela Sanders,001-422-983-1441,Lake Matthew,Blacklisted
4a8d0796-ad32-4972-ade9-b6766306fd55,Clayton Snyder,815.971.9092,East Kathyview,InActive
d816deb2-f88a-4c67-bb15-6fac8feadbc2,Carolyn Benton,844-517-9989x7185,Richardchester,Active
11bcc0f6-a429-47fc-ab7d-8c765ce029a2,James Jones,429-779-4419,New Alexander,Blacklisted
302c321e-b0e9-4361-b690-5f62c8c958ee,Jeffrey Garrett,311-557-8915x824,South Tonyaberg,Active
c129c9ff-3356-4d1d-8178-6324305208c5,Connie Mccann,889-907-9380,Wellston,InActive
de656e4a-fec9-4139-8593-9bcf29d7457d,Patricia Oliver,3469106017,East Kylemouth,InActive
c795518f-d41e-4d3b-9207-e39bae958700,Mr. Joshua Mccarty,814-775-5211,Ruizside,InActive
590c0ad5-4356-4617-9969-9a4e62680b9c,Laurie Hansen,(319)637-9582x093,New Danielview,Blacklisted
01624052-d9dc-4150-bd53-255b82ce69c0,Heather Cox,353.683.5816x9857,Bensonbury,Blacklisted
de497b18-4419-49a1-a31f-0e2a4af76d66,Gregory Williams,4117505722,Port Samuelburgh,Blacklisted
a4f602c9-8c14-4cfe-9e94-5a2aef8e5678,Randy Watson,+1-736-700-5535x7650,West Erin,InActive
ea3230c7-17dd-4212-96a3-261adf0a1920,James Curry,808.658.7234,Donnafort,InActive
938e6fde-7784-488b-ab8b-b19aa6f67eb2,Frederick Harrison,001-731-937-4538,Veronicamouth,Blacklisted
7dd3df64-f66a-4a45-8a77-d0e8ae32cae3,Curtis Holt,587-441-0140,South Courtneyside,Active
e4183375-d51d-4cd0-861f-72ce74f1245e,Elijah Hicks,001-488-466-7710,Lake Kirk,InActive
97f11e27-1b5c-4135-aa8e-85d50bee93aa,Cheyenne Wade,001-595-485-3669,Websterstad,Active
40706974-0e73-4dc8-876f-9a98c722dff6,Loretta Anderson,529-281-9089x50262,Smithbury,Blacklisted
46d28a98-5845-45e8-83e3-f16160d28ac1,Dr. Alyssa Sawyer PhD,963.735.4946,Martinezbury,Active
24900cf3-9682-42c8-a5f4-73586fcef61f,Cheryl Potter,(210)846-3927,Saraland,Blacklisted
a57862ab-d366-461e-a0a3-70f048502098,Benjamin Aguilar,(653)319-2379x317,Parksmouth,Blacklisted
2ca72b82-3c3c-4895-b44d-c5db6d78a4f4,James Rodriguez,+1-661-545-0705x86136,Carlaview,Blacklisted
2723760c-709e-46e6-81bc-6a54c6136c1a,Jeff King,(707)978-1543,Josephborough,Active
dd4a0416-3509-43ae-9393-dda2b42170ba,Danielle Flores,892-325-6092,Leslieton,Blacklisted
d5400f10-b916-4f96-bc77-02119e4bf9c0,Brandon Beasley,(561)339-8599,Patricktown,Active
c951ae93-f98f-4d09-b84b-1147fc17275d,Cameron Stewart,756.297.7967,Millsburgh,Blacklisted
563a7303-d85d-44c3-816f-cb288de001d4,Jose Gomez,001-832-501-3620x629,Webbberg,Blacklisted
7e5cf479-f945-4df2-bb6f-1eaa311281e8,Parker Coleman,+1-756-226-4150x988,West Michaelhaven,Active
db513bb8-dd03-442b-96df-f862f36fbfec,Danny Conner,+1-966-425-6457x95165,Lake Bailey,InActive
3b4fb0da-d315-4491-adbc-d6db16c7b259,Robin Soto,(421)297-2729,Powersland,Active
e60b97f5-e146-4a9b-81b7-6f6e7256b98b,Tony Howard,541.274.8743x36275,Bentonborough,InActive
4e530510-b31b-4b90-b5dd-73b364b534d6,David Smith,995-386-8199,Tannerberg,Blacklisted
6c85af50-d00b-4b26-b644-babafc0ee10b,Debra Palmer,001-481-924-3756x7115,Lake Larry,Active
8735746d-1e74-46ce-9d57-23776e61d41a,David Simon,+1-299-368-9047x04957,East Ryanborough,InActive
2af91362-922f-42f9-83db-3015fda3516e,Wendy Thompson,866-858-9797x5299,Victoriamouth,InActive
b68b6b48-50ef-42bb-b9b2-d857f9bcc212,Sharon Cannon,+1-771-854-2836x2502,New Tammy,InActive
b83e5587-6dfc-49a8-85c8-8449db54f8cf,Kimberly Combs,+1-249-250-7003,West Joannastad,Blacklisted
